timestamp,usage
0,0.0
1,0.0
2,0.0
3,0.0
4,0.0
5,0.0
6,0.0
7,0.0
8,0.0
9,0.0
10,0.0
11,0.0
12,0.0
13,0.0
14,0.0
15,0.0
16,0.0
17,0.0
18,0.0
19,0.0
20,0.0
21,0.0
22,0.0
23,0.0
24,0.0
25,0.0
26,0.0
27,0.0
28,0.0
29,0.0
30,0.0
31,0.0
32,0.0
33,0.0
34,0.0
35,0.0
36,0.0
37,0.0
38,0.0
39,0.0
40,0.0
41,0.0
42,0.0
43,0.0
44,0.0
45,0.0
46,0.0
47,0.0
48,0.0
49,0.0
50,0.0
51,0.0
52,0.0
53,0.0
54,0.0
55,0.0
56,0.0
57,0.0
58,0.0
59,0.0
60,0.0
61,0.0
62,0.0
63,0.0
64,0.0
65,0.0
66,0.0
67,0.0
68,0.0
69,0.0
70,0.0
71,0.0
72,0.0
73,0.0
74,0.0
75,0.0
76,0.0
77,0.0
78,0.0
79,0.0
80,0.0
81,0.0
82,0.0
83,0.0
84,0.0
85,0.0
86,0.0
87,0.0
88,0.0
89,0.0
90,0.0
91,0.0
92,0.0
93,0.0
94,0.0
95,0.0
96,0.0
97,0.0
98,0.0
99,0.0
100,0.0
101,0.0
102,0.0
103,0.0
104,0.0
105,0.0
106,0.0
107,0.0
108,0.0
109,0.0
110,0.0
111,0.0
112,0.0
113,0.0
114,0.0047169811320754715
115,0.0047169811320754715
116,0.0047169811320754715
117,0.0047169811320754715
118,0.0047169811320754715
119,0.0047169811320754715
120,0.009433962264150943
121,0.009433962264150943
122,0.009433962264150943
123,0.009433962264150943
124,0.009433962264150943
125,0.009433962264150943
126,0.014150943396226415
127,0.014150943396226415
128,0.01965408805031446
129,0.01965408805031446
130,0.01965408805031446
131,0.02908805031446541
132,0.02908805031446541
133,0.02908805031446541
134,0.02908805031446541
135,0.02908805031446541
136,0.041666666666666664
137,0.04481132075471697
138,0.04952830188679244
139,0.05267295597484276
140,0.05267295597484276
141,0.05267295597484276
142,0.06839622641509434
143,0.07154088050314467
144,0.07154088050314467
145,0.07154088050314467
146,0.07154088050314467
147,0.08411949685534591
148,0.09984276729559749
149,0.09984276729559749
150,0.11242138364779876
151,0.11242138364779876
152,0.11556603773584906
153,0.11556603773584906
154,0.13286163522012578
155,0.1281446540880503
156,0.1281446540880503
157,0.13128930817610063
158,0.13128930817610063
159,0.14229559748427673
160,0.14229559748427673
161,0.14858490566037735
162,0.15330188679245282
163,0.14858490566037735
164,0.1580188679245283
165,0.15330188679245282
166,0.1650943396226415
167,0.16666666666666669
168,0.16666666666666669
169,0.16981132075471703
170,0.17924528301886797
171,0.19182389937106917
172,0.21069182389937108
173,0.22327044025157233
174,0.22641509433962267
175,0.229559748427673
176,0.229559748427673
177,0.229559748427673
178,0.23742138364779874
179,0.24135220125786166
180,0.24606918238993714
181,0.24606918238993714
182,0.2586477987421384
183,0.2507861635220126
184,0.26257861635220126
185,0.2641509433962264
186,0.2688679245283019
187,0.25943396226415094
188,0.26257861635220126
189,0.26257861635220126
190,0.279874213836478
191,0.2830188679245283
192,0.2783018867924528
193,0.29952830188679236
194,0.28694968553459116
195,0.30424528301886794
196,0.3081761006289308
197,0.3160377358490566
198,0.32232704402515727
199,0.349056603773585
200,0.3443396226415095
201,0.35849056603773594
202,0.37106918238993714
203,0.389937106918239
204,0.389937106918239
205,0.4040880503144655
206,0.4072327044025157
207,0.419811320754717
208,0.41981132075471705
209,0.43238993710691825
210,0.4276729559748428
211,0.4402515723270441
212,0.4512578616352202
213,0.44811320754716993
214,0.45911949685534603
215,0.45440251572327056
216,0.46383647798742134
217,0.4685534591194968
218,0.46383647798742134
219,0.5094339622641509
220,0.5
221,0.5062893081761006
222,0.49528301886792453
223,0.5062893081761005
224,0.5031446540880503
225,0.5267295597484277
226,0.5220125786163522
227,0.5235849056603774
228,0.5267295597484276
229,0.5424528301886792
230,0.5361635220125786
231,0.5518867924528302
232,0.5628930817610063
233,0.5573899371069183
234,0.5432389937106918
235,0.535377358490566
236,0.5715408805031447
237,0.5888364779874214
238,0.5794025157232705
239,0.5904088050314467
240,0.6092767295597485
241,0.5990566037735849
242,0.6147798742138366
243,0.6116352201257863
244,0.5974842767295596
245,0.5974842767295596
246,0.6257861635220126
247,0.6187106918238994
248,0.6289308176100628
249,0.6179245283018868
250,0.6273584905660378
251,0.6226415094339622
252,0.6281446540880504
253,0.6155660377358491
254,0.625
255,0.6438679245283019
256,0.6391509433962265
257,0.6462264150943396
258,0.6462264150943396
259,0.6886792452830187
260,0.6698113207547168
261,0.6871069182389936
262,0.6996855345911949
263,0.7311320754716981
264,0.7185534591194971
265,0.7154088050314465
266,0.7028301886792453
267,0.6949685534591195
268,0.6918238993710691
269,0.7452830188679247
270,0.7421383647798743
271,0.7578616352201257
272,0.7688679245283019
273,0.7814465408805031
274,0.7814465408805031
275,0.8128930817610062
276,0.8128930817610062
277,0.7987421383647799
278,0.7908805031446541
279,0.7877358490566039
280,0.79874213836478
281,0.8160377358490566
282,0.8034591194968554
283,0.7940251572327043
284,0.8191823899371069
285,0.831761006289308
286,0.8364779874213836
287,0.8663522012578616
288,0.8600628930817611
289,0.8537735849056604
290,0.869496855345912
291,0.880503144654088
292,0.8742138364779874
293,0.8820754716981132
294,0.8820754716981132
295,0.900943396226415
296,0.8773584905660378
297,0.9040880503144654
298,0.8805031446540882
299,0.910377358490566
300,0.9261006289308177
301,0.8993710691823901
302,0.9025157232704403
303,0.8946540880503144
304,0.8993710691823898
305,0.9213836477987422
306,0.9213836477987422
307,0.9261006289308176
308,0.9190251572327043
309,0.9190251572327043
310,0.9064465408805031
311,0.936320754716981
312,0.9229559748427673
313,0.9198113207547168
314,0.9355345911949685
315,0.9355345911949685
316,0.9229559748427673
317,0.9150943396226415
318,0.927672955974843
319,0.9103773584905662
320,0.9261006289308177
321,0.9386792452830188
322,0.9512578616352202
323,0.940251572327044
324,0.9402515723270441
325,0.9308176100628932
326,0.9292452830188679
327,0.9481132075471698
328,0.9418238993710693
329,0.9575471698113209
330,0.9449685534591196
331,0.9528301886792453
332,0.9433962264150944
333,0.9559748427672958
334,0.9528301886792454
335,0.9308176100628931
336,0.9339622641509435
337,0.9465408805031448
338,0.9544025157232705
339,0.9386792452830188
340,0.9355345911949686
341,0.9245283018867926
342,0.9339622641509435
343,0.9213836477987423
344,0.9402515723270441
345,0.949685534591195
346,0.9575471698113207
347,0.9575471698113207
348,0.9591194968553458
349,0.9496855345911949
350,0.9544025157232705
351,0.9654088050314467
352,0.9654088050314467
353,0.9716981132075473
354,0.9591194968553459
355,0.9591194968553459
356,0.9764150943396226
357,0.9685534591194969
358,0.9685534591194969
359,0.9827044025157233
360,0.970125786163522
361,0.9748427672955975
362,0.960691823899371
363,0.9528301886792453
364,0.960691823899371
365,0.9795597484276729
366,0.9591194968553459
367,0.9622641509433962
368,0.9559748427672957
369,0.9654088050314467
370,0.9764150943396226
371,0.9701257861635221
372,0.9638364779874214
373,0.9591194968553459
374,0.9764150943396228
375,0.9889937106918238
376,0.977987421383648
377,0.9559748427672958
378,0.9654088050314467
379,0.9779874213836478
380,0.9716981132075473
381,0.9669811320754716
382,0.9638364779874216
383,0.9559748427672957
384,0.9669811320754716
385,0.9716981132075471
386,0.9716981132075471
387,0.9496855345911949
388,0.9732704402515724
389,0.970125786163522
390,0.9889937106918238
391,0.983490566037736
392,0.9764150943396228
393,0.9716981132075473
394,0.9905660377358492
395,0.9858490566037738
396,0.9842767295597484
397,0.9795597484276729
398,0.9874213836477987
399,0.979559748427673
400,0.9638364779874214
401,0.9591194968553459
402,0.9748427672955976
403,0.9748427672955976
404,0.9811320754716981
405,0.9685534591194969
406,0.9606918238993711
407,0.9606918238993711
408,0.9638364779874214
409,0.9748427672955976
410,0.9669811320754719
411,0.9764150943396226
412,0.9811320754716981
413,0.9811320754716981
414,0.9811320754716981
415,0.9921383647798743
416,0.9905660377358491
417,0.9827044025157232
418,0.9795597484276729
419,0.9779874213836477
420,0.9638364779874213
421,0.9764150943396226
422,0.9716981132075472
423,0.9748427672955975
424,0.9685534591194969
425,0.9748427672955975
426,0.9622641509433962
427,0.9811320754716981
428,0.9937106918238994
429,0.9795597484276729
430,0.9764150943396228
431,0.9811320754716982
432,0.9764150943396228
433,0.979559748427673
434,0.9748427672955976
435,0.9685534591194968
436,0.9795597484276729
437,0.9795597484276729
438,0.9905660377358491
439,0.9968553459119496
440,0.9968553459119496
441,0.9921383647798742
442,0.9874213836477986
443,0.9905660377358491
444,0.9811320754716981
445,0.9811320754716981
446,0.9748427672955976
447,0.970125786163522
448,0.9559748427672956
449,0.9622641509433963
450,0.9716981132075473
451,0.9669811320754719
452,0.9685534591194971
453,0.9827044025157234
454,0.9827044025157234
455,0.9842767295597485
456,0.9858490566037735
457,0.9874213836477986
458,0.9827044025157232
459,0.9921383647798742
460,0.9889937106918238
461,0.9827044025157233
462,0.9858490566037735
463,0.9858490566037735
464,0.9764150943396226
465,0.9764150943396226
466,0.970125786163522
467,0.9622641509433962
468,0.9756289308176102
469,0.9740566037735849
470,0.9693396226415094
471,0.9685534591194968
472,0.9732704402515723
473,0.9732704402515723
474,0.9685534591194969
475,0.9764150943396228
476,0.979559748427673
477,0.9748427672955976
478,0.9779874213836478
479,0.9889937106918238
480,0.9842767295597484
481,0.9811320754716981
482,0.9874213836477987
483,0.9732704402515723
484,0.9779874213836477
485,0.9748427672955976
486,0.988993710691824
487,0.9764150943396226
488,0.9795597484276729
489,0.9795597484276729
490,0.9803459119496855
491,0.9976415094339622
492,1.0
493,0.9905660377358491
494,0.9874213836477986
495,0.9748427672955975
496,0.9748427672955975
497,0.9842767295597484
498,1.0
499,1.0
500,0.9952830188679245
501,0.9905660377358491
502,0.9732704402515724
503,0.9669811320754716
504,0.9669811320754716
505,0.9811320754716981
506,0.9827044025157233
507,0.9874213836477987
508,0.9874213836477987
509,0.9874213836477987
510,0.9811320754716981
511,0.9764150943396226
512,0.9716981132075472
513,0.9811320754716981
514,0.9811320754716981
515,0.9779874213836478
516,0.9874213836477987
517,0.9874213836477987
518,0.9874213836477987
519,0.9811320754716981
520,0.9811320754716981
521,0.9811320754716981
522,0.9685534591194969
523,0.9685534591194969
524,0.9811320754716981
525,0.9858490566037735
526,0.9827044025157233
527,0.9779874213836478
528,0.9779874213836477
529,0.9732704402515723
530,0.9842767295597484
531,0.9764150943396226
532,0.9858490566037735
533,0.9842767295597485
534,0.9842767295597484
535,0.9842767295597484
536,0.9921383647798742
537,0.9842767295597484
538,0.9779874213836478
539,0.9779874213836478
540,0.9842767295597484
541,0.9858490566037735
542,0.9669811320754716
543,0.9748427672955976
544,0.9748427672955976
545,0.9874213836477987
546,0.9827044025157233
547,0.9827044025157233
548,0.9874213836477987
549,0.9921383647798742
550,0.9889937106918238
551,0.9889937106918238
552,0.9889937106918238
553,0.9889937106918238
554,1.0
555,0.9921383647798742
556,0.9842767295597485
557,0.9842767295597485
558,0.9842767295597485
559,0.9874213836477987
560,0.9874213836477987
561,0.9842767295597485
562,0.9842767295597485
563,0.9842767295597485
564,0.9858490566037735
565,0.9858490566037735
566,0.9716981132075472
567,0.9638364779874214
568,0.9748427672955975
569,0.9669811320754715
570,0.981132075471698
571,0.9842767295597484
572,0.9874213836477987
573,0.9905660377358491
574,0.9858490566037735
575,0.9921383647798742
576,0.9842767295597484
577,0.9811320754716981
578,0.9685534591194968
579,0.960691823899371
580,0.9544025157232705
581,0.9528301886792454
582,0.9512578616352201
583,0.9371069182389936
584,0.9323899371069182
585,0.9386792452830188
586,0.9355345911949686
587,0.9355345911949686
588,0.9261006289308176
589,0.9355345911949685
590,0.9402515723270439
591,0.9418238993710691
592,0.9371069182389936
593,0.9245283018867925
594,0.9292452830188679
595,0.9261006289308176
596,0.921383647798742
597,0.9245283018867925
598,0.9386792452830188
599,0.9386792452830188
600,0.9371069182389938
601,0.9481132075471698
602,0.9654088050314465
603,0.9779874213836478
604,0.9921383647798743
605,0.9921383647798743
606,0.9968553459119497
607,0.9968553459119497
608,0.9889937106918238
609,0.9811320754716982
610,0.9811320754716982
611,0.9716981132075471
612,0.9716981132075471
613,0.9669811320754716
614,0.9591194968553459
615,0.9622641509433965
616,0.9622641509433965
617,0.977987421383648
618,0.9748427672955977
619,0.9559748427672957
620,0.9622641509433963
621,0.9622641509433963
622,0.9591194968553458
623,0.9544025157232704
624,0.9606918238993711
625,0.9528301886792453
626,0.970125786163522
627,0.970125786163522
628,0.9716981132075473
629,0.9654088050314468
630,0.9795597484276729
631,0.9795597484276729
632,0.9921383647798742
633,0.9921383647798742
634,0.9905660377358491
635,0.9827044025157233
636,0.9748427672955975
637,0.9748427672955975
638,0.9827044025157232
639,0.9732704402515723
640,0.9921383647798742
641,0.9811320754716981
642,0.9685534591194969
643,0.9685534591194969
644,0.9732704402515724
645,0.9827044025157233
646,0.9701257861635221
647,0.9732704402515724
648,0.9622641509433963
649,0.9591194968553459
650,0.960691823899371
651,0.9654088050314465
652,0.9575471698113207
653,0.9575471698113207
654,0.9496855345911949
655,0.9685534591194969
656,0.960691823899371
657,0.9575471698113209
658,0.9669811320754719
659,0.960691823899371
660,0.9559748427672956
661,0.9433962264150944
662,0.9213836477987422
663,0.9355345911949686
664,0.949685534591195
665,0.9449685534591196
666,0.9449685534591196
667,0.949685534591195
668,0.9339622641509434
669,0.9245283018867925
670,0.9261006289308176
671,0.9182389937106917
672,0.9213836477987422
673,0.9135220125786163
674,0.8993710691823898
675,0.9276729559748427
676,0.9245283018867925
677,0.910377358490566
678,0.9056603773584906
679,0.8946540880503144
680,0.9025157232704403
681,0.9040880503144655
682,0.8993710691823901
683,0.9245283018867925
684,0.9135220125786163
685,0.9198113207547172
686,0.9150943396226415
687,0.918238993710692
688,0.9213836477987422
689,0.9308176100628932
690,0.9245283018867926
691,0.9190251572327044
692,0.9080188679245284
693,0.92374213836478
694,0.9261006289308177
695,0.9119496855345912
696,0.9229559748427674
697,0.9205974842767296
698,0.9276729559748427
699,0.9213836477987422
700,0.9559748427672957
701,0.949685534591195
702,0.9551886792452831
703,0.9551886792452831
704,0.9638364779874214
705,0.9512578616352202
706,0.94811320754717
707,0.9528301886792454
708,0.9449685534591196
709,0.9355345911949686
710,0.9292452830188679
711,0.9323899371069183
712,0.9371069182389936
713,0.9449685534591195
714,0.9323899371069182
715,0.9323899371069182
716,0.9292452830188678
717,0.930817610062893
718,0.9355345911949685
719,0.9323899371069182
720,0.9433962264150945
721,0.9418238993710693
722,0.9355345911949686
723,0.9198113207547172
724,0.9449685534591196
725,0.9386792452830188
726,0.9481132075471698
727,0.9213836477987422
728,0.9229559748427674
729,0.9229559748427674
730,0.9276729559748429
731,0.908805031446541
732,0.910377358490566
733,0.8977987421383649
734,0.8930817610062893
735,0.8946540880503144
736,0.8852201257861635
737,0.871069182389937
738,0.871069182389937
739,0.8506289308176102
740,0.8742138364779874
741,0.8679245283018869
742,0.8710691823899372
743,0.8742138364779874
744,0.8553459119496856
745,0.8553459119496856
746,0.8411949685534593
747,0.841194968553459
748,0.8459119496855345
749,0.8427672955974843
750,0.8364779874213836
751,0.8443396226415094
752,0.8349056603773585
753,0.8569182389937108
754,0.8537735849056605
755,0.8466981132075473
756,0.8341194968553461
757,0.82311320754717
758,0.82311320754717
759,0.8372641509433963
760,0.8294025157232705
761,0.8372641509433963
762,0.8372641509433965
763,0.8278301886792454
764,0.8372641509433965
765,0.8278301886792455
766,0.8388364779874216
767,0.8411949685534593
768,0.8411949685534593
769,0.8349056603773586
770,0.8270440251572327
771,0.809748427672956
772,0.7940251572327044
773,0.7987421383647799
774,0.8034591194968556
775,0.8160377358490566
776,0.8081761006289309
777,0.808176100628931
778,0.7845911949685535
779,0.779874213836478
780,0.7657232704402516
781,0.7641509433962266
782,0.7547169811320755
783,0.7547169811320756
784,0.7452830188679247
785,0.7358490566037734
786,0.7327044025157232
787,0.7075471698113207
788,0.7028301886792453
789,0.6886792452830188
790,0.6996855345911949
791,0.6973270440251571
792,0.706761006289308
793,0.7287735849056605
794,0.724056603773585
795,0.7358490566037738
796,0.7547169811320756
797,0.7507861635220127
798,0.7397798742138366
799,0.7539308176100631
800,0.7507861635220127
801,0.7460691823899374
802,0.7523584905660379
803,0.7405660377358492
804,0.7499999999999999
805,0.7374213836477985
806,0.7374213836477985
807,0.7437106918238992
808,0.7342767295597482
809,0.7279874213836476
810,0.7248427672955972
811,0.7358490566037733
812,0.7279874213836476
813,0.7248427672955973
814,0.7327044025157232
815,0.7185534591194968
816,0.6965408805031446
817,0.6918238993710691
818,0.680817610062893
819,0.6886792452830187
820,0.6745283018867924
821,0.6635220125786163
822,0.6588050314465408
823,0.6501572327044024
824,0.6391509433962265
825,0.6375786163522013
826,0.6360062893081762
827,0.6564465408805031
828,0.6407232704402516
829,0.6391509433962266
830,0.6501572327044025
831,0.6564465408805031
832,0.6603773584905662
833,0.6509433962264153
834,0.6493710691823901
835,0.6493710691823901
836,0.6430817610062893
837,0.6320754716981132
838,0.6493710691823901
839,0.6422955974842768
840,0.6344339622641509
841,0.6643081761006291
842,0.6595911949685537
843,0.6493710691823901
844,0.6462264150943396
845,0.630503144654088
846,0.6242138364779873
847,0.613993710691824
848,0.6139937106918238
849,0.6187106918238994
850,0.6187106918238994
851,0.6273584905660378
852,0.6257861635220126
853,0.6446540880503144
854,0.6399371069182389
855,0.6477987421383646
856,0.6572327044025158
857,0.6477987421383646
858,0.6336477987421383
859,0.6179245283018868
860,0.621069182389937
861,0.621069182389937
862,0.619496855345912
863,0.6289308176100628
864,0.6194968553459118
865,0.6273584905660378
866,0.6305031446540879
867,0.6336477987421383
868,0.6430817610062893
869,0.6069182389937107
870,0.6100628930817609
871,0.6194968553459118
872,0.6116352201257861
873,0.6367924528301887
874,0.6163522012578617
875,0.6194968553459118
876,0.6053459119496855
877,0.6352201257861636
878,0.6320754716981132
879,0.6493710691823901
880,0.6305031446540882
881,0.6556603773584907
882,0.6509433962264153
883,0.6635220125786165
884,0.6297169811320756
885,0.643867924528302
886,0.6438679245283019
887,0.6422955974842768
888,0.6344339622641509
889,0.6438679245283019
890,0.6501572327044025
891,0.6422955974842767
892,0.6375786163522014
893,0.6312893081761006
894,0.625
895,0.645440251572327
896,0.6265723270440252
897,0.6234276729559749
898,0.6344339622641508
899,0.6493710691823897
900,0.6588050314465407
901,0.6273584905660378
902,0.6367924528301886
903,0.6344339622641508
904,0.6391509433962262
905,0.6312893081761005
906,0.6580188679245284
907,0.6517295597484276
908,0.6470125786163522
909,0.6470125786163522
910,0.6619496855345911
911,0.6328616352201257
912,0.6485849056603772
913,0.6485849056603772
914,0.6454402515723269
915,0.6454402515723269
916,0.6580188679245281
917,0.6501572327044023
918,0.6588050314465408
919,0.6713836477987422
920,0.6745283018867925
921,0.6603773584905662
922,0.6525157232704403
923,0.6399371069182389
924,0.6320754716981132
925,0.6163522012578615
926,0.6100628930817609
927,0.621069182389937
928,0.6022012578616351
929,0.6037735849056604
930,0.6226415094339622
931,0.6462264150943396
932,0.6336477987421384
933,0.6493710691823898
934,0.6619496855345911
935,0.6682389937106916
936,0.6949685534591195
937,0.6871069182389935
938,0.6823899371069181
939,0.6635220125786162
940,0.6666666666666664
941,0.6462264150943395
942,0.6588050314465407
943,0.6493710691823897
944,0.6446540880503143
945,0.6352201257861634
946,0.6446540880503143
947,0.6548742138364778
948,0.6564465408805031
949,0.6533018867924527
950,0.6611635220125786
951,0.6391509433962265
952,0.6517295597484276
953,0.6643081761006289
954,0.6422955974842766
955,0.6564465408805029
956,0.647012578616352
957,0.6312893081761005
958,0.6312893081761005
959,0.6202830188679245
960,0.615566037735849
961,0.6281446540880501
962,0.6328616352201256
963,0.6328616352201257
964,0.6438679245283018
965,0.6139937106918238
966,0.6171383647798742
967,0.6218553459119496
968,0.6501572327044024
969,0.645440251572327
970,0.6674528301886793
971,0.6926100628930818
972,0.7028301886792453
973,0.7044025157232704
974,0.6949685534591195
975,0.7059748427672956
976,0.7012578616352201
977,0.6965408805031446
978,0.6981132075471698
979,0.6933962264150942
980,0.6981132075471697
981,0.710691823899371
982,0.7232704402515723
983,0.7169811320754716
984,0.7091194968553457
985,0.7044025157232702
986,0.6902515723270439
987,0.6761006289308177
988,0.6871069182389936
989,0.6839622641509434
990,0.671383647798742
991,0.6729559748427671
992,0.680817610062893
993,0.6705974842767295
994,0.6831761006289307
995,0.6894654088050315
996,0.7020440251572326
997,0.6941823899371069
998,0.6894654088050313
999,0.6926100628930817
1000,0.6878930817610062
1001,0.6957547169811321
1002,0.7146226415094338
1003,0.7177672955974842
1004,0.7004716981132075
1005,0.7193396226415094
1006,0.7209119496855346
1007,0.7114779874213837
1008,0.7193396226415093
1009,0.7287735849056602
1010,0.7319182389937106
1011,0.7366352201257861
1012,0.7413522012578616
1013,0.7366352201257861
1014,0.7382075471698112
1015,0.7272012578616351
1016,0.7633647798742137
1017,0.7492138364779873
1018,0.7570754716981132
1019,0.7743710691823901
1020,0.772798742138365
1021,0.7555031446540882
1022,0.7492138364779873
1023,0.7523584905660378
1024,0.7460691823899369
1025,0.7586477987421384
1026,0.755503144654088
1027,0.7570754716981132
1028,0.753930817610063
1029,0.7610062893081762
1030,0.7468553459119497
1031,0.7437106918238994
1032,0.7295597484276729
1033,0.7437106918238994
1034,0.740566037735849
1035,0.7389937106918238
1036,0.7389937106918238
1037,0.7468553459119496
1038,0.7421383647798743
1039,0.738993710691824
1040,0.7437106918238994
1041,0.7295597484276729
1042,0.7201257861635219
1043,0.7216981132075472
1044,0.720125786163522
1045,0.7295597484276729
1046,0.7374213836477986
1047,0.7405660377358491
1048,0.7311320754716981
1049,0.75
1050,0.7515723270440251
1051,0.7327044025157232
1052,0.7279874213836477
1053,0.7672955974842767
1054,0.7657232704402515
1055,0.7830188679245284
1056,0.7751572327044024
1057,0.7657232704402515
1058,0.80188679245283
1059,0.7987421383647798
1060,0.8081761006289307
1061,0.7955974842767295
1062,0.8066037735849056
1063,0.8176100628930817
1064,0.8034591194968552
1065,0.8034591194968552
1066,0.7924528301886793
1067,0.8066037735849055
1068,0.8042452830188679
1069,0.785377358490566
1070,0.8073899371069181
1071,0.796383647798742
1072,0.7893081761006289
1073,0.8011006289308177
1074,0.7932389937106917
1075,0.7948113207547169
1076,0.7900943396226415
1077,0.8058176100628931
1078,0.812893081761006
1079,0.80188679245283
1080,0.8018867924528302
1081,0.7861635220125786
1082,0.8018867924528302
1083,0.8066037735849056
1084,0.8160377358490566
1085,0.800314465408805
1086,0.7814465408805029
1087,0.7861635220125784
1088,0.783018867924528
1089,0.8003144654088048
1090,0.7822327044025155
1091,0.7806603773584905
1092,0.7743710691823897
1093,0.7790880503144653
1094,0.7916666666666664
1095,0.8089622641509431
1096,0.775943396226415
1097,0.7869496855345911
1098,0.7759433962264151
1099,0.7649371069182389
1100,0.7806603773584906
1101,0.8089622641509434
1102,0.8073899371069182
1103,0.7822327044025157
1104,0.8011006289308176
1105,0.7759433962264151
1106,0.7775157232704404
1107,0.7900943396226416
1108,0.7955974842767296
1109,0.7830188679245285
1110,0.7783018867924528
1111,0.7790880503144655
1112,0.7743710691823901
1113,0.7775157232704403
1114,0.753930817610063
1115,0.7672955974842767
1116,0.7547169811320755
1117,0.7531446540880503
1118,0.7515723270440252
1119,0.738993710691824
1120,0.7311320754716981
1121,0.7500000000000001
1122,0.7295597484276731
1123,0.7405660377358492
1124,0.7468553459119497
1125,0.7421383647798744
1126,0.7421383647798744
1127,0.7625786163522014
1128,0.7672955974842768
1129,0.7625786163522014
1130,0.7610062893081763
1131,0.7751572327044025
1132,0.7830188679245284
1133,0.7814465408805031
1134,0.7735849056603774
1135,0.7783018867924528
1136,0.7610062893081762
1137,0.7625786163522013
1138,0.7720125786163522
1139,0.7735849056603774
1140,0.7924528301886791
1141,0.7853773584905659
1142,0.8011006289308176
1143,0.7900943396226415
1144,0.8136792452830187
1145,0.7822327044025155
1146,0.7790880503144653
1147,0.7649371069182388
1148,0.7900943396226414
1149,0.7743710691823897
1150,0.7712264150943398
1151,0.7468553459119499
1152,0.7657232704402516
1153,0.7783018867924528
1154,0.7641509433962265
1155,0.7751572327044024
1156,0.7578616352201257
1157,0.7688679245283018
1158,0.7578616352201256
1159,0.7641509433962265
1160,0.761006289308176
1161,0.7830188679245284
1162,0.7783018867924528
1163,0.7641509433962265
1164,0.7641509433962265
1165,0.7861635220125787
1166,0.7987421383647798
1167,0.8066037735849056
1168,0.7971698113207547
1169,0.8128930817610062
1170,0.8144654088050313
1171,0.8050314465408803
1172,0.8018867924528299
1173,0.7940251572327043
1174,0.8097484276729559
1175,0.8294025157232705
1176,0.8136792452830188
1177,0.8466981132075472
1178,0.8419811320754716
1179,0.8466981132075471
1180,0.8364779874213837
1181,0.8113207547169812
1182,0.8144654088050315
1183,0.841194968553459
1184,0.8506289308176099
1185,0.8506289308176099
1186,0.839622641509434
1187,0.8254716981132075
1188,0.841194968553459
1189,0.8443396226415094
1190,0.8349056603773585
1191,0.8301886792452831
1192,0.8301886792452831
1193,0.8537735849056604
1194,0.8411949685534592
1195,0.8600628930817611
1196,0.8435534591194969
1197,0.856132075471698
1198,0.8435534591194968
1199,0.8482704402515724
1200,0.8561320754716981
1201,0.8529874213836477
1202,0.8702830188679245
1203,0.845125786163522
1204,0.8726415094339622
1205,0.869496855345912
1206,0.8553459119496856
1207,0.8694968553459118
1208,0.8663522012578616
1209,0.8663522012578618
1210,0.8600628930817611
1211,0.8930817610062893
1212,0.9072327044025158
1213,0.8993710691823901
1214,0.9009433962264153
1215,0.9103773584905662
1216,0.908805031446541
1217,0.9198113207547172
1218,0.9135220125786165
1219,0.9308176100628931
1220,0.9182389937106917
1221,0.9072327044025157
1222,0.8993710691823898
1223,0.9135220125786164
1224,0.893867924528302
1225,0.9111635220125786
1226,0.925314465408805
1227,0.9253144654088051
1228,0.9150943396226415
1229,0.8993710691823898
1230,0.8930817610062893
1231,0.9103773584905662
1232,0.9166666666666669
1233,0.9103773584905662
1234,0.8915094339622641
1235,0.8962264150943398
1236,0.9245283018867926
1237,0.9166666666666667
1238,0.9056603773584907
1239,0.910377358490566
1240,0.9072327044025159
1241,0.9119496855345912
1242,0.9198113207547172
1243,0.9245283018867927
1244,0.9103773584905662
1245,0.8883647798742141
1246,0.8946540880503145
1247,0.9025157232704404
1248,0.9025157232704403
1249,0.8930817610062893
1250,0.9009433962264153
1251,0.9009433962264153
1252,0.9009433962264153
1253,0.9135220125786164
1254,0.9040880503144655
1255,0.8946540880503145
1256,0.9072327044025158
1257,0.9040880503144654
1258,0.891509433962264
1259,0.8867924528301886
1260,0.9072327044025159
1261,0.8867924528301888
1262,0.9009433962264153
1263,0.8805031446540882
1264,0.8977987421383646
1265,0.8946540880503144
1266,0.8726415094339622
1267,0.8930817610062892
1268,0.8867924528301887
1269,0.878930817610063
1270,0.8757861635220126
1271,0.8679245283018868
1272,0.8584905660377359
1273,0.8537735849056604
1274,0.841194968553459
1275,0.8553459119496856
1276,0.831761006289308
1277,0.869496855345912
1278,0.8671383647798743
1279,0.8687106918238995
1280,0.854559748427673
1281,0.8797169811320755
1282,0.8765723270440252
1283,0.8655660377358491
1284,0.8765723270440253
1285,0.8624213836477987
1286,0.875
1287,0.8647798742138366
1288,0.8781446540880504
1289,0.8781446540880504
1290,0.884433962264151
1291,0.8970125786163523
1292,0.925314465408805
1293,0.9371069182389938
1294,0.9292452830188679
1295,0.9166666666666667
1296,0.9040880503144654
1297,0.9166666666666667
1298,0.9135220125786163
1299,0.9308176100628931
1300,0.9103773584905662
1301,0.9261006289308178
1302,0.9418238993710693
1303,0.9449685534591196
1304,0.9355345911949687
1305,0.9292452830188681
1306,0.9213836477987423
1307,0.9103773584905662
1308,0.9119496855345913
1309,0.9025157232704403
1310,0.9229559748427674
1311,0.9072327044025157
1312,0.9025157232704403
1313,0.8977987421383649
1314,0.8977987421383649
1315,0.8993710691823901
1316,0.908805031446541
1317,0.8946540880503147
1318,0.907232704402516
1319,0.9072327044025159
1320,0.927672955974843
1321,0.9056603773584907
1322,0.9056603773584907
1323,0.9229559748427674
1324,0.9292452830188681
1325,0.9292452830188681
1326,0.9355345911949687
1327,0.9198113207547172
1328,0.9119496855345912
1329,0.9040880503144655
1330,0.9182389937106917
1331,0.9339622641509434
1332,0.9386792452830188
1333,0.9174528301886793
1334,0.9394654088050314
1335,0.9221698113207547
1336,0.9033018867924527
1337,0.9135220125786163
1338,0.8962264150943396
1339,0.8946540880503144
1340,0.9150943396226415
1341,0.9135220125786163
1342,0.9072327044025158
1343,0.9158805031446541
1344,0.9166666666666667
1345,0.9213836477987422
1346,0.9040880503144654
1347,0.8883647798742139
1348,0.8883647798742139
1349,0.8820754716981132
1350,0.8930817610062892
1351,0.8977987421383646
1352,0.8852201257861635
1353,0.8789308176100628
1354,0.8812893081761005
1355,0.8962264150943396
1356,0.8883647798742137
1357,0.8899371069182389
1358,0.8930817610062894
1359,0.8867924528301888
1360,0.8962264150943396
1361,0.8993710691823901
1362,0.8899371069182391
1363,0.9056603773584907
1364,0.9119496855345912
1365,0.8852201257861636
1366,0.8820754716981132
1367,0.9025157232704403
1368,0.9025157232704404
1369,0.8993710691823901
1370,0.8962264150943398
1371,0.8915094339622642
1372,0.8899371069182391
1373,0.8867924528301887
1374,0.8773584905660378
1375,0.8789308176100628
1376,0.8789308176100628
1377,0.8993710691823898
1378,0.8962264150943396
1379,0.8977987421383646
1380,0.8852201257861635
1381,0.880503144654088
1382,0.8757861635220127
1383,0.8867924528301887
1384,0.8977987421383649
1385,0.8773584905660379
1386,0.8734276729559751
1387,0.904874213836478
1388,0.8891509433962266
1389,0.893867924528302
1390,0.8797169811320756
1391,0.9119496855345912
1392,0.908805031446541
1393,0.8993710691823902
1394,0.8962264150943396
1395,0.8883647798742137
1396,0.9150943396226414
1397,0.9088050314465408
1398,0.9198113207547169
1399,0.9261006289308176
1400,0.9323899371069182
1401,0.9418238993710691
1402,0.9292452830188679
1403,0.9355345911949685
1404,0.921383647798742
1405,0.9245283018867925
1406,0.9433962264150944
1407,0.9323899371069182
1408,0.9205974842767295
1409,0.9268867924528302
1410,0.9394654088050315
1411,0.9457547169811321
1412,0.9551886792452831
1413,0.9520440251572327
1414,0.9410377358490565
1415,0.9410377358490565
1416,0.9284591194968552
1417,0.9143081761006289
1418,0.9048742138364779
1419,0.8962264150943395
1420,0.9127358490566038
1421,0.9001572327044025
1422,0.9080188679245284
1423,0.9237421383647799
1424,0.92374213836478
1425,0.9143081761006291
1426,0.9095911949685537
1427,0.9143081761006291
1428,0.922169811320755
1429,0.9174528301886795
1430,0.9229559748427674
1431,0.9229559748427674
1432,0.9229559748427674
1433,0.9371069182389938
1434,0.9229559748427674
1435,0.9174528301886793
1436,0.9221698113207547
1437,0.8938679245283019
1438,0.8954402515723271
1439,0.918238993710692
1440,0.8962264150943398
1441,0.8773584905660379
1442,0.8899371069182391
1443,0.8789308176100631
1444,0.8694968553459121
1445,0.8522012578616354
1446,0.8506289308176099
1447,0.8286163522012577
1448,0.8632075471698112
1449,0.8522012578616351
1450,0.8553459119496856
1451,0.8490566037735847
1452,0.8506289308176098
1453,0.8396226415094338
1454,0.8537735849056602
1455,0.8459119496855344
1456,0.8474842767295594
1457,0.8726415094339619
1458,0.863207547169811
1459,0.8726415094339621
1460,0.8710691823899369
1461,0.861635220125786
1462,0.8537735849056601
1463,0.8561320754716979
1464,0.848270440251572
1465,0.8498427672955973
1466,0.8356918238993709
1467,0.8443396226415094
1468,0.8490566037735849
1469,0.8380503144654088
1470,0.8144654088050314
1471,0.8128930817610062
1472,0.8050314465408804
1473,0.800314465408805
1474,0.7932389937106917
1475,0.8026729559748427
1476,0.8066037735849055
1477,0.7987421383647799
1478,0.7955974842767295
1479,0.7861635220125786
1480,0.7845911949685533
1481,0.7845911949685533
1482,0.7987421383647798
1483,0.8066037735849056
1484,0.8160377358490565
1485,0.8081761006289309
1486,0.8050314465408804
1487,0.8144654088050314
1488,0.8301886792452831
1489,0.8616352201257861
1490,0.8632075471698113
1491,0.8569182389937108
1492,0.8616352201257863
1493,0.878930817610063
1494,0.8805031446540882
1495,0.8867924528301887
1496,0.8867924528301887
1497,0.8624213836477986
1498,0.8655660377358491
1499,0.8742138364779874
1500,0.8757861635220126
1501,0.858490566037736
1502,0.8553459119496857
1503,0.8522012578616355
1504,0.8647798742138366
1505,0.8867924528301887
1506,0.8742138364779874
1507,0.878930817610063
1508,0.878930817610063
1509,0.8663522012578617
1510,0.8836477987421384
1511,0.8647798742138365
1512,0.8600628930817611
1513,0.8577044025157233
1514,0.8482704402515723
1515,0.8325471698113207
1516,0.8278301886792453
1517,0.8278301886792453
1518,0.8514150943396226
1519,0.8624213836477987
1520,0.8537735849056604
1521,0.8616352201257861
1522,0.8577044025157233
1523,0.845125786163522
1524,0.8687106918238994
1525,0.8907232704402516
1526,0.8970125786163522
1527,0.904874213836478
1528,0.9135220125786163
1529,0.9040880503144654
1530,0.9056603773584907
1531,0.8962264150943398
1532,0.8773584905660379
1533,0.8883647798742137
1534,0.8694968553459118
1535,0.8616352201257861
1536,0.8616352201257861
1537,0.8726415094339621
1538,0.8474842767295597
1539,0.8443396226415093
1540,0.841194968553459
1541,0.8349056603773584
1542,0.8466981132075472
1543,0.8498427672955975
1544,0.8325471698113206
1545,0.8231132075471698
1546,0.8482704402515723
1547,0.8380503144654087
1548,0.8270440251572326
1549,0.8537735849056604
1550,0.8679245283018868
1551,0.8773584905660378
1552,0.8663522012578616
1553,0.8694968553459118
1554,0.8616352201257861
1555,0.8584905660377359
1556,0.8600628930817609
1557,0.8474842767295597
1558,0.8553459119496855
1559,0.8506289308176102
1560,0.8616352201257863
1561,0.858490566037736
1562,0.8726415094339623
1563,0.8694968553459121
1564,0.8459119496855346
1565,0.8482704402515724
1566,0.8608490566037738
1567,0.8443396226415095
1568,0.8647798742138365
1569,0.8522012578616351
1570,0.841194968553459
1571,0.8301886792452831
1572,0.8207547169811321
1573,0.8097484276729559
1574,0.8278301886792452
1575,0.8105345911949683
1576,0.8105345911949685
1577,0.8105345911949685
1578,0.8073899371069183
1579,0.8231132075471698
1580,0.8341194968553461
1581,0.8262578616352202
1582,0.8411949685534593
1583,0.8286163522012581
1584,0.8223270440251573
1585,0.8317610062893083
1586,0.8223270440251573
1587,0.8301886792452831
1588,0.8317610062893083
1589,0.8380503144654088
1590,0.824685534591195
1591,0.8309748427672956
1592,0.8364779874213837
1593,0.8207547169811319
1594,0.8506289308176102
1595,0.8443396226415094
1596,0.8490566037735849
1597,0.8427672955974842
1598,0.8160377358490566
1599,0.8380503144654089
1600,0.8427672955974842
1601,0.8223270440251573
1602,0.800314465408805
1603,0.7987421383647798
1604,0.7924528301886793
1605,0.7861635220125786
1606,0.7924528301886793
1607,0.8238993710691823
1608,0.8270440251572326
1609,0.8050314465408804
1610,0.8128930817610062
1611,0.8176100628930817
1612,0.8176100628930817
1613,0.8050314465408804
1614,0.8632075471698113
1615,0.8569182389937108
1616,0.8600628930817611
1617,0.8852201257861636
1618,0.8569182389937108
1619,0.8474842767295597
1620,0.8333333333333333
1621,0.8238993710691824
1622,0.8144654088050315
1623,0.8160377358490569
1624,0.8207547169811323
1625,0.8105345911949687
1626,0.8042452830188681
1627,0.8089622641509436
1628,0.8073899371069183
1629,0.7948113207547169
1630,0.7995283018867926
1631,0.8058176100628931
1632,0.7995283018867925
1633,0.7806603773584906
1634,0.7790880503144655
1635,0.7665094339622642
1636,0.7633647798742141
1637,0.7822327044025158
1638,0.7680817610062893
1639,0.7665094339622642
1640,0.783805031446541
1641,0.785377358490566
1642,0.783805031446541
1643,0.7743710691823901
1644,0.7869496855345912
1645,0.766509433962264
1646,0.7783018867924527
1647,0.7735849056603772
1648,0.7767295597484276
1649,0.7861635220125786
1650,0.7955974842767296
1651,0.7893081761006291
1652,0.7657232704402518
1653,0.7484276729559749
1654,0.7657232704402519
1655,0.7484276729559749
1656,0.7500000000000001
1657,0.7437106918238995
1658,0.7468553459119499
1659,0.7531446540880505
1660,0.7452830188679247
1661,0.7421383647798743
1662,0.7256289308176102
1663,0.7287735849056604
1664,0.7334905660377359
1665,0.7287735849056604
1666,0.738993710691824
1667,0.7264150943396228
1668,0.7248427672955977
1669,0.7264150943396228
1670,0.737421383647799
1671,0.7311320754716981
1672,0.7232704402515724
1673,0.7201257861635221
1674,0.7185534591194969
1675,0.7122641509433963
1676,0.7075471698113207
1677,0.6933962264150944
1678,0.7004716981132075
1679,0.7240566037735849
1680,0.7130503144654088
1681,0.7287735849056604
1682,0.7397798742138364
1683,0.7366352201257861
1684,0.7413522012578615
1685,0.7256289308176098
1686,0.7366352201257861
1687,0.7578616352201257
1688,0.7547169811320753
1689,0.7468553459119496
1690,0.7562893081761005
1691,0.7547169811320755
1692,0.7499999999999999
1693,0.7641509433962265
1694,0.7610062893081762
1695,0.7751572327044025
1696,0.759433962264151
1697,0.7672955974842768
1698,0.7625786163522014
1699,0.7798742138364781
1700,0.7657232704402516
1701,0.7735849056603775
1702,0.7531446540880504
1703,0.7562893081761006
1704,0.75
1705,0.761006289308176
1706,0.7720125786163522
1707,0.7657232704402515
1708,0.7814465408805031
1709,0.7783018867924528
1710,0.7924528301886793
1711,0.8018867924528303
1712,0.7971698113207548
1713,0.7830188679245285
1714,0.789308176100629
1715,0.789308176100629
1716,0.800314465408805
1717,0.789308176100629
1718,0.779874213836478
1719,0.8144654088050315
1720,0.8018867924528302
1721,0.8034591194968554
1722,0.8018867924528303
1723,0.7979559748427674
1724,0.7900943396226416
1725,0.7948113207547172
1726,0.7869496855345913
1727,0.7963836477987423
1728,0.8262578616352202
1729,0.8136792452830188
1730,0.8089622641509434
1731,0.8136792452830188
1732,0.8183962264150944
1733,0.8254716981132075
1734,0.8176100628930818
1735,0.8066037735849058
1736,0.7908805031446542
1737,0.7720125786163523
1738,0.7798742138364779
1739,0.7625786163522013
1740,0.7641509433962262
1741,0.7688679245283019
1742,0.7696540880503144
1743,0.7665094339622642
1744,0.7617924528301888
1745,0.7382075471698113
1746,0.7413522012578616
1747,0.7319182389937107
1748,0.7248427672955975
1749,0.7224842767295597
1750,0.7130503144654088
1751,0.7146226415094338
1752,0.7209119496855344
1753,0.7319182389937106
1754,0.7287735849056602
1755,0.7193396226415093
1756,0.7279874213836476
1757,0.732704402515723
1758,0.7468553459119496
1759,0.7547169811320753
1760,0.7484276729559747
1761,0.7562893081761005
1762,0.7562893081761005
1763,0.7468553459119496
1764,0.7138364779874213
1765,0.7169811320754715
1766,0.7327044025157232
1767,0.7295597484276729
1768,0.7248427672955975
1769,0.7075471698113209
1770,0.7044025157232705
1771,0.7122641509433963
1772,0.6996855345911952
1773,0.6792452830188681
1774,0.6839622641509435
1775,0.6933962264150945
1776,0.6808176100628931
1777,0.668238993710692
1778,0.6965408805031448
1779,0.6761006289308176
1780,0.6918238993710691
1781,0.6886792452830188
1782,0.6635220125786163
1783,0.6713836477987422
1784,0.6540880503144654
1785,0.6572327044025159
1786,0.6619496855345913
1787,0.6462264150943396
1788,0.6352201257861635
1789,0.6619496855345912
1790,0.6698113207547169
1791,0.6619496855345912
1792,0.6650943396226414
1793,0.6540880503144654
1794,0.6533018867924527
1795,0.6658805031446541
1796,0.6564465408805031
1797,0.650943396226415
1798,0.6446540880503144
1799,0.650943396226415
1800,0.6477987421383646
1801,0.6556603773584906
1802,0.6415094339622641
1803,0.630503144654088
1804,0.6320754716981132
1805,0.628930817610063
1806,0.6525157232704402
1807,0.6430817610062893
1808,0.628930817610063
1809,0.6470125786163522
1810,0.6344339622641509
1811,0.6344339622641509
1812,0.6627358490566038
1813,0.6509433962264151
1814,0.6698113207547169
1815,0.6650943396226415
1816,0.6650943396226415
1817,0.6761006289308176
1818,0.6792452830188679
1819,0.6603773584905659
1820,0.6871069182389936
1821,0.6823899371069182
1822,0.6698113207547169
1823,0.6761006289308176
1824,0.6729559748427673
1825,0.7012578616352202
1826,0.699685534591195
1827,0.6918238993710693
1828,0.7012578616352201
1829,0.7154088050314465
1830,0.7248427672955975
1831,0.7311320754716982
1832,0.7279874213836478
1833,0.7327044025157233
1834,0.7138364779874214
1835,0.7044025157232705
1836,0.6933962264150944
1837,0.7028301886792453
1838,0.6949685534591196
1839,0.7012578616352201
1840,0.6926100628930818
1841,0.7468553459119497
1842,0.738993710691824
1843,0.7452830188679245
1844,0.7421383647798743
1845,0.7389937106918238
1846,0.7625786163522014
1847,0.7500000000000001
1848,0.7515723270440252
1849,0.7562893081761005
1850,0.7437106918238995
1851,0.7484276729559749
1852,0.7437106918238995
1853,0.7555031446540882
1854,0.7649371069182389
1855,0.7806603773584907
1856,0.7775157232704403
1857,0.7853773584905662
1858,0.7727987421383649
1859,0.7696540880503145
1860,0.7971698113207547
1861,0.7861635220125786
1862,0.8144654088050314
1863,0.8380503144654088
1864,0.8537735849056604
1865,0.8569182389937107
1866,0.8474842767295597
1867,0.8474842767295597
1868,0.8537735849056602
1869,0.8522012578616351
1870,0.8443396226415093
1871,0.8364779874213837
1872,0.8301886792452832
1873,0.8270440251572327
1874,0.8160377358490566
1875,0.8333333333333333
1876,0.8160377358490566
1877,0.8050314465408803
1878,0.8128930817610062
1879,0.8223270440251571
1880,0.8160377358490565
1881,0.811320754716981
1882,0.7987421383647798
1883,0.7908805031446542
1884,0.7798742138364779
1885,0.7830188679245281
1886,0.7893081761006289
1887,0.7720125786163522
1888,0.7783018867924528
1889,0.7594339622641509
1890,0.7672955974842767
1891,0.7515723270440251
1892,0.7735849056603774
1893,0.7657232704402515
1894,0.7861635220125786
1895,0.7767295597484276
1896,0.7594339622641509
1897,0.761006289308176
1898,0.7374213836477986
1899,0.7389937106918238
1900,0.7562893081761005
1901,0.7468553459119496
1902,0.7452830188679245
1903,0.7327044025157232
1904,0.7295597484276729
1905,0.7185534591194969
1906,0.7279874213836478
1907,0.720125786163522
1908,0.729559748427673
1909,0.7374213836477987
1910,0.7327044025157233
1911,0.738993710691824
1912,0.7515723270440252
1913,0.7657232704402516
1914,0.7625786163522014
1915,0.779874213836478
1916,0.7720125786163523
1917,0.7845911949685535
1918,0.7924528301886794
1919,0.7845911949685537
1920,0.7814465408805032
1921,0.7861635220125787
1922,0.7869496855345913
1923,0.7877358490566038
1924,0.809748427672956
1925,0.8066037735849056
1926,0.8113207547169813
1927,0.8128930817610065
1928,0.8105345911949687
1929,0.8199685534591197
1930,0.812106918238994
1931,0.824685534591195
1932,0.8356918238993711
1933,0.8121069182389938
1934,0.8011006289308176
1935,0.8011006289308176
1936,0.809748427672956
1937,0.8168238993710691
1938,0.824685534591195
1939,0.8286163522012578
1940,0.811320754716981
1941,0.8152515723270439
1942,0.8215408805031446
1943,0.824685534591195
1944,0.8207547169811319
1945,0.8301886792452828
1946,0.8380503144654088
1947,0.8522012578616351
1948,0.8522012578616351
1949,0.8537735849056604
1950,0.831761006289308
1951,0.8506289308176099
1952,0.8506289308176099
1953,0.8490566037735849
1954,0.8443396226415094
1955,0.8474842767295598
1956,0.8647798742138365
1957,0.871069182389937
1958,0.8820754716981132
1959,0.8726415094339622
1960,0.8537735849056604
1961,0.831761006289308
1962,0.8333333333333331
1963,0.8506289308176099
1964,0.8427672955974841
1965,0.8694968553459118
1966,0.8600628930817609
1967,0.8459119496855346
1968,0.8270440251572326
1969,0.8459119496855346
1970,0.8506289308176102
1971,0.8333333333333333
1972,0.8254716981132075
1973,0.8490566037735849
1974,0.839622641509434
1975,0.8805031446540882
1976,0.8805031446540882
1977,0.8616352201257863
1978,0.869496855345912
1979,0.8569182389937108
1980,0.8537735849056604
1981,0.8569182389937107
1982,0.8341194968553459
1983,0.8404088050314465
1984,0.8435534591194969
1985,0.8388364779874213
1986,0.8435534591194969
1987,0.8231132075471698
1988,0.8372641509433962
1989,0.8294025157232705
1990,0.8128930817610062
1991,0.789308176100629
1992,0.7971698113207547
1993,0.7971698113207548
1994,0.7861635220125787
1995,0.7885220125786164
1996,0.8042452830188681
1997,0.8089622641509434
1998,0.8026729559748429
1999,0.8018867924528302
2000,0.8050314465408805
2001,0.8066037735849058
2002,0.8018867924528303
2003,0.8144654088050315
2004,0.8144654088050315
2005,0.8301886792452831
2006,0.8364779874213836
2007,0.809748427672956
2008,0.839622641509434
2009,0.828616352201258
2010,0.8459119496855346
2011,0.8333333333333333
2012,0.8514150943396226
2013,0.8529874213836478
2014,0.854559748427673
2015,0.8404088050314467
2016,0.8671383647798743
2017,0.8639937106918238
2018,0.869496855345912
2019,0.880503144654088
2020,0.8993710691823901
2021,0.8962264150943398
2022,0.8915094339622642
2023,0.8805031446540883
2024,0.8663522012578618
2025,0.8742138364779874
2026,0.9009433962264153
2027,0.8899371069182391
2028,0.8820754716981132
2029,0.861635220125786
2030,0.869496855345912
2031,0.8820754716981132
2032,0.880503144654088
2033,0.880503144654088
2034,0.8930817610062893
2035,0.8946540880503144
2036,0.8946540880503144
2037,0.9072327044025158
2038,0.8946540880503144
2039,0.8899371069182389
2040,0.8977987421383649
2041,0.871069182389937
2042,0.8632075471698113
2043,0.8584905660377358
2044,0.8317610062893079
2045,0.8207547169811319
2046,0.8081761006289307
2047,0.8207547169811322
2048,0.8144654088050314
2049,0.8270440251572327
2050,0.8301886792452831
2051,0.8144654088050314
2052,0.8050314465408803
2053,0.7908805031446539
2054,0.8160377358490565
2055,0.809748427672956
2056,0.800314465408805
2057,0.8160377358490566
2058,0.8270440251572326
2059,0.8223270440251571
2060,0.841194968553459
2061,0.8380503144654089
2062,0.8443396226415094
2063,0.8584905660377359
2064,0.8506289308176102
2065,0.8380503144654089
2066,0.849056603773585
2067,0.8364779874213838
2068,0.8317610062893083
2069,0.8333333333333334
2070,0.8128930817610065
2071,0.8113207547169813
2072,0.8034591194968556
2073,0.8317610062893083
2074,0.8317610062893083
2075,0.8380503144654089
2076,0.8380503144654089
2077,0.8459119496855346
2078,0.8364779874213837
2079,0.8309748427672957
2080,0.8262578616352202
2081,0.8168238993710691
2082,0.779874213836478
2083,0.8034591194968554
2084,0.8160377358490566
2085,0.8011006289308176
2086,0.796383647798742
2087,0.7995283018867924
2088,0.7822327044025155
2089,0.7696540880503143
2090,0.755503144654088
2091,0.7649371069182389
2092,0.7775157232704402
2093,0.7900943396226414
2094,0.7893081761006289
2095,0.805817610062893
2096,0.805817610062893
2097,0.7900943396226415
2098,0.8011006289308177
2099,0.7955974842767295
2100,0.7955974842767295
2101,0.8191823899371069
2102,0.8451257861635219
2103,0.8309748427672956
2104,0.8136792452830187
2105,0.8294025157232705
2106,0.8435534591194971
2107,0.8514150943396226
2108,0.8608490566037735
2109,0.8435534591194969
2110,0.8537735849056604
2111,0.8537735849056604
2112,0.8569182389937107
2113,0.8506289308176102
2114,0.858490566037736
2115,0.8663522012578617
2116,0.8820754716981132
2117,0.8899371069182391
2118,0.8867924528301887
2119,0.9135220125786164
2120,0.8962264150943398
2121,0.9009433962264153
2122,0.8962264150943398
2123,0.8647798742138366
2124,0.8836477987421384
2125,0.8679245283018868
2126,0.8600628930817612
2127,0.8553459119496856
2128,0.8616352201257863
2129,0.8364779874213837
2130,0.8238993710691823
2131,0.8333333333333333
2132,0.8254716981132075
2133,0.8333333333333333
2134,0.8537735849056604
2135,0.8443396226415095
2136,0.8427672955974843
2137,0.8349056603773585
2138,0.8270440251572327
2139,0.8474842767295597
2140,0.8380503144654088
2141,0.8411949685534592
2142,0.8459119496855346
2143,0.8380503144654089
2144,0.8584905660377359
2145,0.8569182389937108
2146,0.8569182389937108
2147,0.8757861635220126
2148,0.871069182389937
2149,0.8427672955974843
2150,0.8553459119496857
2151,0.8569182389937108
2152,0.8443396226415094
2153,0.839622641509434
2154,0.8349056603773585
2155,0.8223270440251573
2156,0.8223270440251573
2157,0.8317610062893083
2158,0.8419811320754716
2159,0.8388364779874214
2160,0.835691823899371
2161,0.8301886792452828
2162,0.8474842767295597
2163,0.8459119496855345
2164,0.8482704402515723
2165,0.8639937106918238
2166,0.8592767295597484
2167,0.848270440251572
2168,0.8545597484276729
2169,0.8529874213836478
2170,0.8466981132075472
2171,0.8474842767295596
2172,0.8443396226415093
2173,0.8553459119496856
2174,0.8600628930817611
2175,0.8522012578616351
2176,0.8679245283018868
2177,0.878930817610063
2178,0.8663522012578616
2179,0.863993710691824
2180,0.8451257861635221
2181,0.8734276729559749
2182,0.8687106918238995
2183,0.8687106918238995
2184,0.8372641509433962
2185,0.852987421383648
2186,0.8577044025157234
2187,0.8734276729559749
2188,0.8734276729559749
2189,0.8765723270440252
2190,0.8765723270440253
2191,0.8765723270440253
2192,0.8860062893081763
2193,0.8907232704402518
2194,0.8639937106918243
2195,0.8687106918238996
2196,0.8466981132075474
2197,0.8411949685534593
2198,0.8144654088050315
2199,0.8113207547169812
2200,0.819182389937107
2201,0.8113207547169813
2202,0.8223270440251575
2203,0.8223270440251574
2204,0.8034591194968557
2205,0.8364779874213837
2206,0.8238993710691827
2207,0.7971698113207548
2208,0.7893081761006291
2209,0.8128930817610064
2210,0.8128930817610064
2211,0.8066037735849056
2212,0.7955974842767295
2213,0.800314465408805
2214,0.8207547169811321
2215,0.831761006289308
2216,0.8128930817610062
2217,0.7908805031446541
2218,0.7987421383647799
2219,0.8105345911949686
2220,0.8081761006289309
2221,0.7987421383647799
2222,0.8081761006289309
2223,0.8018867924528302
2224,0.8128930817610064
2225,0.8034591194968554
2226,0.8050314465408804
2227,0.7924528301886793
2228,0.7893081761006289
2229,0.7924528301886793
2230,0.7869496855345912
2231,0.8089622641509433
2232,0.80188679245283
2233,0.7940251572327044
2234,0.8286163522012578
2235,0.8207547169811321
2236,0.8018867924528302
2237,0.7916666666666666
2238,0.796383647798742
2239,0.796383647798742
2240,0.775943396226415
2241,0.775943396226415
2242,0.7680817610062892
2243,0.7940251572327044
2244,0.7908805031446541
2245,0.8081761006289309
2246,0.8144654088050314
2247,0.8144654088050314
2248,0.841194968553459
2249,0.8254716981132075
2250,0.811320754716981
2251,0.80188679245283
2252,0.8034591194968554
2253,0.8238993710691823
2254,0.8144654088050314
2255,0.8207547169811322
2256,0.8034591194968554
2257,0.7814465408805032
2258,0.7924528301886793
2259,0.7924528301886793
2260,0.7877358490566038
2261,0.8050314465408805
2262,0.8018867924528303
2263,0.7908805031446542
2264,0.7735849056603775
2265,0.7767295597484277
2266,0.7657232704402516
2267,0.7971698113207548
2268,0.7861635220125787
2269,0.8050314465408804
2270,0.8050314465408804
2271,0.8034591194968554
2272,0.8128930817610064
2273,0.8191823899371069
2274,0.809748427672956
2275,0.8207547169811321
2276,0.8411949685534592
2277,0.8349056603773585
2278,0.8396226415094341
2279,0.828616352201258
2280,0.8380503144654089
2281,0.8333333333333334
2282,0.8419811320754719
2283,0.8199685534591196
2284,0.8168238993710691
2285,0.8183962264150944
2286,0.824685534591195
2287,0.824685534591195
2288,0.8396226415094338
2289,0.8301886792452828
2290,0.8254716981132075
2291,0.8207547169811321
2292,0.849056603773585
2293,0.8411949685534592
2294,0.8411949685534592
2295,0.8459119496855346
2296,0.8474842767295597
2297,0.8474842767295597
2298,0.8474842767295597
2299,0.8671383647798743
2300,0.8655660377358491
2301,0.8647798742138365
2302,0.8506289308176102
2303,0.8742138364779874
2304,0.8710691823899372
2305,0.8757861635220126
2306,0.8647798742138365
2307,0.8632075471698113
2308,0.8616352201257863
2309,0.8616352201257863
2310,0.8537735849056605
2311,0.8797169811320756
2312,0.8781446540880504
2313,0.8655660377358492
2314,0.871069182389937
2315,0.8639937106918238
2316,0.8545597484276729
2317,0.8687106918238994
2318,0.8608490566037734
2319,0.8466981132075472
2320,0.8325471698113207
2321,0.8215408805031448
2322,0.8262578616352202
2323,0.8183962264150944
2324,0.8388364779874214
2325,0.8278301886792452
2326,0.8294025157232705
2327,0.835691823899371
2328,0.8529874213836477
2329,0.8624213836477986
2330,0.8482704402515723
2331,0.8435534591194969
2332,0.8624213836477987
2333,0.8812893081761006
2334,0.8765723270440251
2335,0.875
2336,0.8922955974842767
2337,0.8970125786163522
2338,0.8781446540880501
2339,0.8797169811320752
2340,0.8655660377358488
2341,0.8341194968553458
2342,0.8309748427672954
2343,0.8632075471698112
2344,0.8537735849056602
2345,0.8647798742138363
2346,0.8553459119496853
2347,0.8364779874213835
2348,0.831761006289308
2349,0.8223270440251571
2350,0.8176100628930817
2351,0.8262578616352201
2352,0.8262578616352201
2353,0.8294025157232704
2354,0.8199685534591196
2355,0.8199685534591196
2356,0.8309748427672957
2357,0.8364779874213837
2358,0.8364779874213837
2359,0.8349056603773585
2360,0.8443396226415094
2361,0.8443396226415094
2362,0.8474842767295597
2363,0.8443396226415094
2364,0.8765723270440252
2365,0.8734276729559748
2366,0.8616352201257861
2367,0.8600628930817611
2368,0.8663522012578616
2369,0.8632075471698114
2370,0.8506289308176102
2371,0.8537735849056604
2372,0.8506289308176099
2373,0.8372641509433962
2374,0.8364779874213837
2375,0.8789308176100628
2376,0.8647798742138364
2377,0.8632075471698113
2378,0.8710691823899372
2379,0.8679245283018869
2380,0.8647798742138366
2381,0.8726415094339623
2382,0.8773584905660378
2383,0.8773584905660378
2384,0.8867924528301888
2385,0.8820754716981133
2386,0.8663522012578616
2387,0.8742138364779874
2388,0.8820754716981133
2389,0.8584905660377359
2390,0.8380503144654088
2391,0.8474842767295597
2392,0.8443396226415093
2393,0.8459119496855346
2394,0.8364779874213837
2395,0.8427672955974843
2396,0.8223270440251573
2397,0.8411949685534593
2398,0.8238993710691824
2399,0.8710691823899372
2400,0.8459119496855346
2401,0.8459119496855346
2402,0.8349056603773585
2403,0.8506289308176102
2404,0.8459119496855346
2405,0.8459119496855346
2406,0.8459119496855346
2407,0.8522012578616354
2408,0.8490566037735849
2409,0.8553459119496855
2410,0.8522012578616351
2411,0.8679245283018867
2412,0.8773584905660377
2413,0.8773584905660377
2414,0.9040880503144654
2415,0.9111635220125786
2416,0.8922955974842767
2417,0.8891509433962262
2418,0.8977987421383646
2419,0.8836477987421384
2420,0.8647798742138364
2421,0.8694968553459118
2422,0.8773584905660378
2423,0.8679245283018868
2424,0.8506289308176102
2425,0.8600628930817609
2426,0.8506289308176099
2427,0.880503144654088
2428,0.8883647798742139
2429,0.8820754716981132
2430,0.880503144654088
2431,0.8757861635220126
2432,0.8805031446540882
2433,0.8773584905660378
2434,0.8616352201257861
2435,0.8584905660377359
2436,0.8427672955974842
2437,0.8459119496855346
2438,0.8262578616352202
2439,0.8529874213836478
2440,0.8183962264150944
2441,0.8238993710691823
2442,0.8160377358490566
2443,0.8066037735849056
2444,0.8223270440251573
2445,0.8113207547169812
2446,0.8176100628930818
2447,0.809748427672956
2448,0.8144654088050314
2449,0.8223270440251573
2450,0.819182389937107
2451,0.7987421383647798
2452,0.789308176100629
2453,0.7845911949685535
2454,0.7830188679245284
2455,0.7830188679245284
2456,0.7955974842767295
2457,0.8113207547169813
2458,0.8113207547169813
2459,0.8034591194968556
2460,0.7971698113207547
2461,0.779874213836478
2462,0.7625786163522014
2463,0.768867924528302
2464,0.768867924528302
2465,0.7672955974842768
2466,0.759433962264151
2467,0.7515723270440252
2468,0.7578616352201257
2469,0.7374213836477986
2470,0.7185534591194968
2471,0.7138364779874213
2472,0.7327044025157233
2473,0.7216981132075471
2474,0.7216981132075471
2475,0.7169811320754716
2476,0.7028301886792453
2477,0.7138364779874213
2478,0.7358490566037735
2479,0.7389937106918238
2480,0.7295597484276729
2481,0.7452830188679245
2482,0.7279874213836478
2483,0.7327044025157233
2484,0.7468553459119496
2485,0.740566037735849
2486,0.7358490566037734
2487,0.770440251572327
2488,0.7578616352201256
2489,0.762578616352201
2490,0.7452830188679245
2491,0.7342767295597484
2492,0.7350628930817611
2493,0.7460691823899372
2494,0.7586477987421384
2495,0.7743710691823898
2496,0.7759433962264151
2497,0.7869496855345911
2498,0.7924528301886791
2499,0.7893081761006289
2500,0.809748427672956
2501,0.8128930817610064
2502,0.8066037735849055
2503,0.8144654088050313
2504,0.8160377358490565
2505,0.8294025157232704
2506,0.8278301886792453
2507,0.8207547169811319
2508,0.8238993710691822
2509,0.8160377358490565
2510,0.812893081761006
2511,0.8301886792452828
2512,0.8325471698113207
2513,0.82625786163522
2514,0.831761006289308
2515,0.8254716981132074
2516,0.8286163522012577
2517,0.8286163522012577
2518,0.8301886792452828
2519,0.8349056603773584
2520,0.8569182389937107
2521,0.871069182389937
2522,0.8639937106918238
2523,0.8545597484276728
2524,0.8545597484276728
2525,0.8608490566037735
2526,0.8498427672955973
2527,0.8309748427672954
2528,0.8435534591194969
2529,0.8419811320754719
2530,0.8482704402515725
2531,0.8404088050314467
2532,0.8404088050314467
2533,0.845125786163522
2534,0.8121069182389936
2535,0.7979559748427673
2536,0.8011006289308176
2537,0.8042452830188679
2538,0.8136792452830188
2539,0.7963836477987422
2540,0.7900943396226416
2541,0.8026729559748429
2542,0.7948113207547169
2543,0.775943396226415
2544,0.7727987421383645
2545,0.7727987421383645
2546,0.786949685534591
2547,0.7617924528301886
2548,0.7743710691823898
2549,0.7617924528301886
2550,0.7814465408805031
2551,0.7720125786163522
2552,0.7908805031446541
2553,0.7720125786163522
2554,0.7672955974842767
2555,0.7767295597484277
2556,0.7657232704402516
2557,0.7672955974842766
2558,0.7830188679245281
2559,0.7798742138364779
2560,0.7908805031446539
2561,0.812893081761006
2562,0.8066037735849055
2563,0.7908805031446539
2564,0.7955974842767294
2565,0.7908805031446539
2566,0.7987421383647799
2567,0.7845911949685533
2568,0.7814465408805031
2569,0.7657232704402516
2570,0.7610062893081762
2571,0.7484276729559751
2572,0.7578616352201261
2573,0.7531446540880504
2574,0.737421383647799
2575,0.7295597484276731
2576,0.7484276729559751
2577,0.7500000000000001
2578,0.7444968553459121
2579,0.744496855345912
2580,0.7492138364779873
2581,0.7429245283018867
2582,0.7594339622641508
2583,0.7437106918238994
2584,0.7625786163522014
2585,0.7625786163522014
2586,0.7484276729559748
2587,0.7610062893081762
2588,0.761006289308176
2589,0.7657232704402516
2590,0.7775157232704403
2591,0.7806603773584907
2592,0.7602201257861636
2593,0.7397798742138365
2594,0.7272012578616354
2595,0.7287735849056604
2596,0.7413522012578617
2597,0.7413522012578617
2598,0.7350628930817609
2599,0.7397798742138365
2600,0.7366352201257863
2601,0.7366352201257863
2602,0.7366352201257861
2603,0.7507861635220126
2604,0.7476415094339621
2605,0.7790880503144654
2606,0.7806603773584907
2607,0.772798742138365
2608,0.772798742138365
2609,0.7783018867924529
2610,0.7562893081761006
2611,0.7452830188679247
2612,0.7358490566037738
2613,0.7327044025157232
2614,0.7327044025157233
2615,0.7279874213836478
2616,0.7578616352201257
2617,0.7484276729559748
2618,0.7437106918238995
2619,0.7900943396226415
2620,0.783805031446541
2621,0.793238993710692
2622,0.8018867924528302
2623,0.789308176100629
2624,0.8066037735849058
2625,0.809748427672956
2626,0.8207547169811322
2627,0.8097484276729561
2628,0.8270440251572327
2629,0.819182389937107
2630,0.8270440251572327
2631,0.8419811320754719
2632,0.8309748427672957
2633,0.8404088050314467
2634,0.8372641509433963
2635,0.8372641509433963
2636,0.8482704402515726
2637,0.8404088050314468
2638,0.8325471698113209
2639,0.8294025157232706
2640,0.8231132075471701
2641,0.8364779874213839
2642,0.808176100628931
2643,0.8160377358490567
2644,0.8223270440251575
2645,0.8317610062893085
2646,0.8286163522012581
2647,0.8349056603773588
2648,0.8301886792452833
2649,0.819182389937107
2650,0.8113207547169813
2651,0.8223270440251574
2652,0.8097484276729562
2653,0.7987421383647799
2654,0.8034591194968554
2655,0.7971698113207547
2656,0.7877358490566038
2657,0.7594339622641509
2658,0.7578616352201257
2659,0.7641509433962265
2660,0.7877358490566037
2661,0.7893081761006289
2662,0.7735849056603772
2663,0.7830188679245281
2664,0.8003144654088048
2665,0.7877358490566037
2666,0.7783018867924528
2667,0.7610062893081762
2668,0.7484276729559749
2669,0.7523584905660378
2670,0.7413522012578617
2671,0.7397798742138365
2672,0.7114779874213837
2673,0.7099056603773585
2674,0.706761006289308
2675,0.7036163522012578
2676,0.7051886792452831
2677,0.690251572327044
2678,0.6745283018867925
2679,0.6572327044025159
2680,0.6603773584905662
2681,0.647798742138365
2682,0.6682389937106921
2683,0.6603773584905663
2684,0.6808176100628932
2685,0.6729559748427675
2686,0.6729559748427675
2687,0.6776729559748429
2688,0.6698113207547172
2689,0.6446540880503145
2690,0.6367924528301887
2691,0.6367924528301887
2692,0.6305031446540882
2693,0.6336477987421384
2694,0.6509433962264153
2695,0.6517295597484276
2696,0.6517295597484277
2697,0.6344339622641508
2698,0.6171383647798742
2699,0.6069182389937107
2700,0.6242138364779873
2701,0.6352201257861634
2702,0.6132075471698113
2703,0.5974842767295596
2704,0.6218553459119496
2705,0.6187106918238994
2706,0.6281446540880503
2707,0.6360062893081762
2708,0.6360062893081762
2709,0.6564465408805031
2710,0.6580188679245285
2711,0.6957547169811321
2712,0.7130503144654088
2713,0.6926100628930818
2714,0.6831761006289309
2715,0.7154088050314465
2716,0.7122641509433962
2717,0.7091194968553459
2718,0.7279874213836478
2719,0.7201257861635221
2720,0.7232704402515724
2721,0.7507861635220126
2722,0.746069182389937
2723,0.75
2724,0.7405660377358491
2725,0.7500000000000001
2726,0.7468553459119497
2727,0.770440251572327
2728,0.7877358490566038
2729,0.7838050314465407
2730,0.7806603773584905
2731,0.7743710691823897
2732,0.7806603773584905
2733,0.824685534591195
2734,0.8404088050314465
2735,0.8482704402515723
2736,0.845125786163522
2737,0.8372641509433961
2738,0.8419811320754715
2739,0.8545597484276729
2740,0.8466981132075472
2741,0.8435534591194969
2742,0.869496855345912
2743,0.869496855345912
2744,0.8553459119496856
2745,0.8742138364779876
2746,0.8710691823899372
2747,0.8600628930817612
2748,0.8600628930817611
2749,0.8490566037735849
2750,0.8537735849056604
2751,0.8647798742138364
2752,0.8584905660377359
2753,0.8506289308176099
2754,0.8679245283018868
2755,0.8836477987421384
2756,0.871069182389937
2757,0.8647798742138366
2758,0.8459119496855347
2759,0.839622641509434
2760,0.8380503144654089
2761,0.8569182389937108
2762,0.8569182389937108
2763,0.8364779874213837
2764,0.838050314465409
2765,0.8113207547169813
2766,0.8058176100628932
2767,0.8011006289308178
2768,0.8066037735849056
2769,0.8018867924528302
2770,0.7893081761006289
2771,0.7845911949685533
2772,0.7853773584905659
2773,0.7633647798742137
2774,0.7775157232704402
2775,0.7602201257861635
2776,0.7932389937106917
2777,0.8089622641509434
2778,0.8372641509433962
2779,0.8246855345911949
2780,0.8144654088050313
2781,0.8113207547169812
2782,0.8160377358490566
2783,0.8254716981132075
2784,0.8286163522012578
2785,0.8144654088050314
2786,0.8254716981132075
2787,0.831761006289308
2788,0.828616352201258
2789,0.8380503144654088
2790,0.8537735849056604
2791,0.8411949685534592
2792,0.8317610062893083
2793,0.8349056603773585
2794,0.8411949685534592
2795,0.8506289308176103
2796,0.8451257861635221
2797,0.8341194968553459
2798,0.8561320754716982
2799,0.8734276729559748
2800,0.8797169811320756
2801,0.8734276729559749
2802,0.8797169811320755
2803,0.8702830188679245
2804,0.8765723270440252
2805,0.8828616352201257
2806,0.9033018867924527
2807,0.9001572327044024
2808,0.8907232704402516
2809,0.9001572327044025
2810,0.8812893081761006
2811,0.8765723270440252
2812,0.8938679245283018
2813,0.8907232704402516
2814,0.8907232704402516
2815,0.8899371069182391
2816,0.8993710691823898
2817,0.9040880503144654
2818,0.8867924528301886
2819,0.8773584905660377
2820,0.8537735849056602
2821,0.8726415094339622
2822,0.8584905660377359
2823,0.8474842767295598
2824,0.869496855345912
2825,0.8663522012578617
2826,0.8993710691823898
2827,0.9009433962264153
2828,0.8915094339622642
2829,0.8836477987421384
2830,0.8757861635220127
2831,0.8710691823899374
2832,0.8522012578616355
2833,0.8522012578616354
2834,0.8427672955974843
2835,0.8852201257861635
2836,0.8632075471698113
2837,0.8883647798742139
2838,0.9056603773584906
2839,0.8962264150943396
2840,0.8977987421383646
2841,0.8946540880503144
2842,0.8899371069182389
2843,0.8836477987421384
2844,0.8883647798742139
2845,0.8805031446540882
2846,0.8726415094339622
2847,0.8647798742138366
2848,0.8632075471698113
2849,0.8852201257861636
2850,0.8694968553459121
2851,0.8647798742138365
2852,0.8553459119496856
2853,0.8600628930817609
2854,0.8710691823899372
2855,0.8679245283018869
2856,0.849056603773585
2857,0.824685534591195
2858,0.8325471698113209
2859,0.8262578616352202
2860,0.8356918238993711
2861,0.8262578616352202
2862,0.8278301886792454
2863,0.8341194968553459
2864,0.8176100628930819
2865,0.8270440251572327
2866,0.8223270440251573
2867,0.8380503144654089
2868,0.8301886792452832
2869,0.8380503144654089
2870,0.8380503144654088
2871,0.8199685534591196
2872,0.82311320754717
2873,0.8333333333333334
2874,0.8270440251572329
2875,0.8207547169811322
2876,0.8364779874213837
2877,0.8349056603773586
2878,0.8270440251572327
2879,0.8144654088050314
2880,0.8160377358490567
2881,0.7987421383647798
2882,0.8034591194968552
2883,0.800314465408805
2884,0.7924528301886793
2885,0.7798742138364779
2886,0.7751572327044024
2887,0.7908805031446539
2888,0.770440251572327
2889,0.7830188679245284
2890,0.7720125786163522
2891,0.7845911949685533
2892,0.7783018867924528
2893,0.7845911949685533
2894,0.7751572327044024
2895,0.7657232704402515
2896,0.7578616352201257
2897,0.7751572327044025
2898,0.7641509433962266
2899,0.7531446540880503
2900,0.7437106918238994
2901,0.7389937106918238
2902,0.740566037735849
2903,0.740566037735849
2904,0.7327044025157232
2905,0.7468553459119496
2906,0.7539308176100628
2907,0.7680817610062893
2908,0.753930817610063
2909,0.7712264150943396
2910,0.7586477987421384
2911,0.7861635220125786
2912,0.7767295597484276
2913,0.7688679245283019
2914,0.7814465408805032
2915,0.7814465408805032
2916,0.7814465408805032
2917,0.7720125786163523
2918,0.7751572327044027
2919,0.7704402515723272
2920,0.7688679245283019
2921,0.7562893081761008
2922,0.7861635220125787
2923,0.7924528301886794
2924,0.7908805031446542
2925,0.7924528301886793
2926,0.7783018867924528
2927,0.7672955974842768
2928,0.7641509433962265
2929,0.7625786163522013
2930,0.7672955974842766
2931,0.762578616352201
2932,0.7641509433962265
2933,0.7657232704402516
2934,0.7374213836477987
2935,0.7468553459119497
2936,0.7578616352201257
2937,0.7720125786163522
2938,0.7900943396226415
2939,0.7790880503144654
2940,0.7995283018867925
2941,0.7869496855345913
2942,0.7790880503144656
2943,0.796383647798742
2944,0.7680817610062892
2945,0.785377358490566
2946,0.7790880503144655
2947,0.7743710691823901
2948,0.7790880503144655
2949,0.785377358490566
2950,0.7775157232704404
2951,0.7602201257861636
2952,0.7602201257861637
2953,0.7853773584905662
2954,0.7775157232704404
2955,0.7916666666666669
2956,0.8073899371069183
2957,0.8042452830188679
2958,0.828616352201258
2959,0.8238993710691824
2960,0.8191823899371069
2961,0.8270440251572327
2962,0.839622641509434
2963,0.8301886792452831
2964,0.8301886792452832
2965,0.839622641509434
2966,0.8553459119496857
2967,0.8506289308176102
2968,0.8506289308176103
2969,0.8710691823899372
2970,0.8553459119496855
2971,0.8474842767295598
2972,0.8459119496855346
2973,0.8459119496855347
2974,0.8380503144654089
2975,0.8569182389937108
2976,0.8514150943396228
2977,0.8466981132075473
2978,0.8765723270440252
2979,0.8655660377358491
2980,0.871069182389937
2981,0.8962264150943396
2982,0.8962264150943396
2983,0.8679245283018869
2984,0.8773584905660379
2985,0.8569182389937108
2986,0.8600628930817609
2987,0.8852201257861635
2988,0.8962264150943396
2989,0.8930817610062892
2990,0.9088050314465408
2991,0.9040880503144654
2992,0.9025157232704403
2993,0.9119496855345911
2994,0.9025157232704404
2995,0.8962264150943399
2996,0.8915094339622642
2997,0.888364779874214
2998,0.8930817610062894
2999,0.8789308176100631
3000,0.8899371069182391
3001,0.8852201257861636
3002,0.8993710691823901
3003,0.880503144654088
3004,0.8710691823899372
3005,0.8647798742138364
3006,0.8679245283018868
3007,0.8522012578616351
3008,0.8498427672955975
3009,0.8529874213836477
3010,0.8435534591194968
3011,0.8702830188679244
3012,0.856132075471698
3013,0.8899371069182388
3014,0.8836477987421383
3015,0.8694968553459118
3016,0.8333333333333331
3017,0.841194968553459
3018,0.8176100628930817
3019,0.8066037735849055
3020,0.8066037735849055
3021,0.809748427672956
3022,0.8223270440251571
3023,0.819182389937107
3024,0.8474842767295598
3025,0.8317610062893084
3026,0.8443396226415094
3027,0.8097484276729561
3028,0.8223270440251573
3029,0.8254716981132076
3030,0.8616352201257863
3031,0.8498427672955976
3032,0.8404088050314467
3033,0.8419811320754719
3034,0.8278301886792454
3035,0.8183962264150945
3036,0.8183962264150944
3037,0.8294025157232705
3038,0.8372641509433962
3039,0.8364779874213836
3040,0.8254716981132075
3041,0.8238993710691823
3042,0.8238993710691823
3043,0.8176100628930818
3044,0.8097484276729561
3045,0.8176100628930818
3046,0.8128930817610064
3047,0.8113207547169813
3048,0.8066037735849058
3049,0.8066037735849058
3050,0.8215408805031448
3051,0.8058176100628931
3052,0.8160377358490566
3053,0.8238993710691824
3054,0.819182389937107
3055,0.8058176100628931
3056,0.8089622641509434
3057,0.8168238993710691
3058,0.7979559748427673
3059,0.8011006289308176
3060,0.8183962264150944
3061,0.8380503144654088
3062,0.8443396226415094
3063,0.849056603773585
3064,0.8474842767295597
3065,0.8278301886792454
3066,0.82311320754717
3067,0.815251572327044
3068,0.8215408805031448
3069,0.8278301886792453
3070,0.8333333333333334
3071,0.8301886792452831
3072,0.839622641509434
3073,0.831761006289308
3074,0.8349056603773586
3075,0.8569182389937108
3076,0.8537735849056605
3077,0.8333333333333334
3078,0.8349056603773586
3079,0.849056603773585
3080,0.858490566037736
3081,0.8427672955974842
3082,0.8553459119496857
3083,0.8349056603773585
3084,0.8238993710691824
3085,0.8081761006289309
3086,0.8223270440251573
3087,0.831761006289308
3088,0.8168238993710691
3089,0.8168238993710691
3090,0.8073899371069182
3091,0.8042452830188679
3092,0.8058176100628932
3093,0.8026729559748429
3094,0.8215408805031448
3095,0.8514150943396226
3096,0.8514150943396226
3097,0.8451257861635221
3098,0.8498427672955976
3099,0.8294025157232705
3100,0.8168238993710693
3101,0.82311320754717
3102,0.813679245283019
3103,0.8341194968553458
3104,0.8246855345911948
3105,0.8073899371069181
3106,0.805817610062893
3107,0.8042452830188678
3108,0.8073899371069183
3109,0.7900943396226415
3110,0.7838050314465408
3111,0.8042452830188679
3112,0.7885220125786164
3113,0.785377358490566
3114,0.7948113207547169
3115,0.7885220125786164
3116,0.7727987421383649
3117,0.785377358490566
3118,0.7633647798742139
3119,0.7680817610062893
3120,0.7759433962264151
3121,0.7790880503144654
3122,0.7539308176100628
3123,0.7350628930817611
3124,0.7405660377358491
3125,0.7374213836477986
3126,0.785377358490566
3127,0.785377358490566
3128,0.7790880503144655
3129,0.7680817610062892
3130,0.755503144654088
3131,0.7727987421383646
3132,0.7657232704402515
3133,0.7727987421383646
3134,0.7845911949685533
3135,0.7783018867924527
3136,0.80188679245283
3137,0.811320754716981
3138,0.8089622641509433
3139,0.8183962264150944
3140,0.8089622641509434
3141,0.809748427672956
3142,0.8081761006289306
3143,0.8050314465408803
3144,0.80188679245283
3145,0.7940251572327042
3146,0.762578616352201
3147,0.7798742138364779
3148,0.7893081761006289
3149,0.7893081761006289
3150,0.7940251572327043
3151,0.7893081761006289
3152,0.8050314465408805
3153,0.7861635220125787
3154,0.7893081761006291
3155,0.7924528301886794
3156,0.8003144654088052
3157,0.7955974842767298
3158,0.7877358490566039
3159,0.7830188679245285
3160,0.7798742138364781
3161,0.8018867924528303
3162,0.7877358490566039
3163,0.8050314465408808
3164,0.7814465408805034
3165,0.776729559748428
3166,0.778301886792453
3167,0.8003144654088051
3168,0.7963836477987423
3169,0.7932389937106921
3170,0.793238993710692
3171,0.7900943396226416
3172,0.7885220125786164
3173,0.785377358490566
3174,0.8309748427672956
3175,0.8419811320754716
3176,0.8372641509433962
3177,0.8372641509433962
3178,0.8199685534591195
3179,0.8136792452830188
3180,0.8199685534591195
3181,0.8325471698113207
3182,0.8435534591194968
3183,0.8466981132075472
3184,0.8466981132075472
3185,0.8388364779874214
3186,0.796383647798742
3187,0.8231132075471698
3188,0.8183962264150942
3189,0.8152515723270439
3190,0.8018867924528302
3191,0.7924528301886793
3192,0.789308176100629
3193,0.8254716981132075
3194,0.8144654088050315
3195,0.8066037735849056
3196,0.8349056603773585
3197,0.7987421383647798
3198,0.8050314465408804
3199,0.7940251572327044
3200,0.8128930817610064
3201,0.8207547169811319
3202,0.8301886792452828
3203,0.8254716981132074
3204,0.8286163522012578
3205,0.8207547169811322
3206,0.828616352201258
3207,0.8356918238993709
3208,0.8726415094339621
3209,0.8726415094339621
3210,0.8852201257861635
3211,0.8789308176100628
3212,0.8789308176100628
3213,0.8749999999999999
3214,0.865566037735849
3215,0.8718553459119496
3216,0.8812893081761005
3217,0.8718553459119496
3218,0.8608490566037735
3219,0.8655660377358491
3220,0.8498427672955976
3221,0.8592767295597484
3222,0.8482704402515724
3223,0.8404088050314467
3224,0.8600628930817611
3225,0.8726415094339623
3226,0.869496855345912
3227,0.8836477987421384
3228,0.8805031446540882
3229,0.8805031446540882
3230,0.8710691823899372
3231,0.8364779874213836
3232,0.8396226415094338
3233,0.8270440251572325
3234,0.8301886792452828
3235,0.8584905660377358
3236,0.880503144654088
3237,0.8852201257861635
3238,0.9040880503144654
3239,0.9056603773584905
3240,0.8930817610062892
3241,0.8899371069182389
3242,0.8820754716981132
3243,0.8875786163522013
3244,0.8797169811320755
3245,0.8812893081761008
3246,0.8750000000000001
3247,0.8828616352201258
3248,0.8750000000000001
3249,0.8946540880503144
3250,0.8899371069182389
3251,0.8679245283018869
3252,0.8537735849056605
3253,0.8647798742138366
3254,0.871069182389937
3255,0.8679245283018868
3256,0.8710691823899372
3257,0.8584905660377359
3258,0.8522012578616351
3259,0.8411949685534592
3260,0.8459119496855347
3261,0.8474842767295598
3262,0.8396226415094341
3263,0.8553459119496856
3264,0.8805031446540882
3265,0.8820754716981133
3266,0.8663522012578618
3267,0.8781446540880505
3268,0.8781446540880505
3269,0.8718553459119497
3270,0.8734276729559749
3271,0.8812893081761008
3272,0.8702830188679247
3273,0.8655660377358492
3274,0.8647798742138365
3275,0.8702830188679244
3276,0.8545597484276728
3277,0.8726415094339622
3278,0.8726415094339622
3279,0.839622641509434
3280,0.8301886792452832
3281,0.8254716981132076
3282,0.8301886792452832
3283,0.8191823899371071
3284,0.8066037735849058
3285,0.8066037735849058
3286,0.79874213836478
3287,0.8050314465408808
3288,0.8018867924528303
3289,0.8097484276729561
3290,0.7830188679245285
3291,0.7893081761006291
3292,0.8050314465408805
3293,0.8018867924528302
3294,0.8144654088050315
3295,0.8018867924528302
3296,0.8128930817610064
3297,0.8018867924528303
3298,0.8113207547169812
3299,0.8254716981132075
3300,0.8364779874213837
3301,0.8333333333333334
3302,0.8144654088050315
3303,0.8128930817610064
3304,0.8128930817610065
3305,0.8333333333333334
3306,0.8254716981132076
3307,0.8128930817610064
3308,0.8270440251572329
3309,0.8325471698113209
3310,0.82311320754717
3311,0.7916666666666669
3312,0.8294025157232706
3313,0.82311320754717
3314,0.8262578616352202
3315,0.8183962264150945
3316,0.8073899371069183
3317,0.8121069182389938
3318,0.793238993710692
3319,0.7814465408805032
3320,0.7641509433962265
3321,0.7562893081761006
3322,0.7507861635220127
3323,0.7602201257861636
3324,0.7602201257861636
3325,0.7570754716981132
3326,0.7602201257861635
3327,0.7838050314465408
3328,0.7783018867924528
3329,0.7783018867924528
3330,0.7971698113207548
3331,0.8018867924528303
3332,0.7955974842767296
3333,0.7955974842767296
3334,0.8066037735849058
3335,0.8128930817610064
3336,0.8050314465408805
3337,0.797169811320755
3338,0.8081761006289309
3339,0.8034591194968554
3340,0.8301886792452831
3341,0.8427672955974843
3342,0.839622641509434
3343,0.8459119496855346
3344,0.8632075471698113
3345,0.8506289308176098
3346,0.8553459119496855
3347,0.8506289308176099
3348,0.8254716981132074
3349,0.8349056603773585
3350,0.8396226415094338
3351,0.8238993710691822
3352,0.8349056603773584
3353,0.8223270440251571
3354,0.8380503144654088
3355,0.8254716981132075
3356,0.7971698113207547
3357,0.8018867924528302
3358,0.809748427672956
3359,0.7940251572327043
3360,0.8191823899371069
3361,0.8191823899371069
3362,0.8113207547169812
3363,0.7940251572327043
3364,0.8160377358490566
3365,0.8144654088050314
3366,0.8034591194968552
3367,0.809748427672956
3368,0.8042452830188679
3369,0.8176100628930818
3370,0.7861635220125787
3371,0.7814465408805032
3372,0.7924528301886794
3373,0.8050314465408805
3374,0.8034591194968554
3375,0.8081761006289309
3376,0.7940251572327044
3377,0.8050314465408805
3378,0.7940251572327046
3379,0.7908805031446542
3380,0.7908805031446543
3381,0.8018867924528303
3382,0.8223270440251573
3383,0.8207547169811321
3384,0.8018867924528302
3385,0.8254716981132075
3386,0.8223270440251573
3387,0.7948113207547172
3388,0.7900943396226416
3389,0.8026729559748427
3390,0.7932389937106917
3391,0.7649371069182389
3392,0.7916666666666666
3393,0.7806603773584906
3394,0.7932389937106917
3395,0.7963836477987422
3396,0.7853773584905659
3397,0.7948113207547168
3398,0.7948113207547168
3399,0.7955974842767294
3400,0.7877358490566038
3401,0.7845911949685533
3402,0.8113207547169813
3403,0.8207547169811322
3404,0.8113207547169813
3405,0.845125786163522
3406,0.8372641509433962
3407,0.8278301886792453
3408,0.8459119496855345
3409,0.871069182389937
3410,0.8490566037735849
3411,0.8419811320754716
3412,0.8451257861635219
3413,0.8183962264150942
3414,0.8199685534591197
3415,0.8073899371069184
3416,0.8191823899371071
3417,0.8160377358490566
3418,0.8427672955974842
3419,0.8270440251572327
3420,0.8301886792452828
3421,0.8301886792452828
3422,0.8191823899371069
3423,0.8207547169811319
3424,0.8238993710691823
3425,0.8317610062893084
3426,0.8270440251572329
3427,0.8238993710691827
3428,0.8506289308176103
3429,0.8506289308176102
3430,0.8443396226415095
3431,0.8537735849056604
3432,0.8522012578616354
3433,0.8506289308176103
3434,0.8301886792452831
3435,0.8459119496855346
3436,0.8301886792452832
3437,0.8207547169811322
3438,0.8427672955974842
3439,0.8333333333333334
3440,0.8459119496855347
3441,0.8364779874213838
3442,0.8364779874213838
3443,0.869496855345912
3444,0.8663522012578616
3445,0.8663522012578616
3446,0.8600628930817611
3447,0.8632075471698113
3448,0.8773584905660379
3449,0.8694968553459121
3450,0.8569182389937108
3451,0.869496855345912
3452,0.8506289308176102
3453,0.8427672955974843
3454,0.8333333333333336
3455,0.8569182389937108
3456,0.849056603773585
3457,0.8333333333333334
3458,0.8349056603773586
3459,0.8364779874213837
3460,0.8364779874213837
3461,0.8349056603773586
3462,0.8113207547169812
3463,0.8144654088050315
3464,0.8034591194968554
3465,0.7877358490566038
3466,0.7845911949685535
3467,0.7845911949685535
3468,0.8050314465408805
3469,0.7987421383647799
3470,0.7955974842767296
3471,0.7861635220125787
3472,0.7900943396226415
3473,0.7822327044025158
3474,0.7822327044025158
3475,0.7727987421383649
3476,0.7649371069182389
3477,0.7523584905660378
3478,0.7397798742138364
3479,0.7704402515723271
3480,0.7672955974842767
3481,0.7617924528301886
3482,0.7539308176100628
3483,0.7649371069182389
3484,0.744496855345912
3485,0.7334905660377359
3486,0.7327044025157233
3487,0.7232704402515724
3488,0.710691823899371
3489,0.7185534591194969
3490,0.7264150943396225
3491,0.7248427672955976
3492,0.7374213836477987
3493,0.7374213836477987
3494,0.7389937106918238
3495,0.7295597484276729
3496,0.7641509433962262
3497,0.7374213836477986
3498,0.7405660377358491
3499,0.7295597484276729
3500,0.7499999999999999
3501,0.7327044025157232
3502,0.7216981132075471
3503,0.7484276729559747
3504,0.723270440251572
3505,0.7437106918238992
3506,0.7468553459119497
3507,0.7279874213836477
3508,0.7248427672955975
3509,0.7209119496855346
3510,0.7421383647798743
3511,0.7311320754716981
3512,0.7358490566037734
3513,0.7452830188679243
3514,0.7374213836477985
3515,0.7484276729559748
3516,0.7531446540880503
3517,0.761006289308176
3518,0.7374213836477987
3519,0.7358490566037735
3520,0.7358490566037735
3521,0.7468553459119495
3522,0.7594339622641508
3523,0.7437106918238992
3524,0.7578616352201258
3525,0.75
3526,0.7515723270440252
3527,0.7460691823899372
3528,0.753930817610063
3529,0.7610062893081762
3530,0.779874213836478
3531,0.7845911949685535
3532,0.7924528301886793
3533,0.8113207547169812
3534,0.8144654088050315
3535,0.8018867924528302
3536,0.8176100628930818
3537,0.8238993710691824
3538,0.828616352201258
3539,0.8238993710691823
3540,0.8160377358490567
3541,0.8113207547169812
3542,0.8238993710691823
3543,0.8018867924528302
3544,0.8270440251572326
3545,0.8286163522012578
3546,0.8176100628930818
3547,0.7940251572327043
3548,0.7971698113207546
3549,0.7924528301886791
3550,0.7830188679245281
3551,0.8113207547169813
3552,0.8081761006289309
3553,0.8081761006289309
3554,0.8144654088050315
3555,0.8270440251572329
3556,0.8270440251572327
3557,0.8317610062893084
3558,0.8191823899371071
3559,0.8254716981132076
3560,0.8301886792452832
3561,0.8238993710691824
3562,0.8238993710691824
3563,0.8349056603773586
3564,0.8459119496855346
3565,0.8710691823899372
3566,0.8663522012578617
3567,0.8411949685534592
3568,0.838050314465409
3569,0.8113207547169813
3570,0.8018867924528303
3571,0.8207547169811322
3572,0.819182389937107
3573,0.8128930817610064
3574,0.7948113207547172
3575,0.8073899371069184
3576,0.802672955974843
3577,0.8105345911949687
3578,0.7869496855345915
3579,0.7790880503144656
3580,0.7759433962264151
3581,0.7790880503144655
3582,0.7547169811320756
3583,0.7547169811320756
3584,0.7625786163522013
3585,0.7499999999999999
3586,0.7672955974842766
3587,0.7633647798742136
3588,0.7429245283018867
3589,0.7382075471698113
3590,0.729559748427673
3591,0.7397798742138365
3592,0.7319182389937108
3593,0.7334905660377359
3594,0.7256289308176102
3595,0.7476415094339622
3596,0.755503144654088
3597,0.7476415094339622
3598,0.7586477987421383
3599,0.7507861635220126
total,0.7767291229909168
