car_id,average_travelled_distance,average_time_spent_waiting
car_166215_3,0.4063253093574564,7.285714285714286
car_165340_0,0.8933424835909588,24.615384615384617
car_163614_0,0.8931783306902502,17.142857142857142
car_169940_1,1.050932244948941,0.26666666666666666
car_170322_2,1.0995783076585428,11.357142857142858
car_169366_0,0.6374872326328892,7.75
car_169842_2,0.72038898737376,14.692307692307692
car_165927_0,1.1182843080562272,20.642857142857142
car_170184_1,0.8460683336067946,11.583333333333334
car_169389_0,0.7108714816248,13.0
car_164029_0,0.8602397068388086,9.357142857142858
car_169837_4,0.651544265015919,10.75
car_171009_0,0.6672368384733457,5.384615384615385
car_166218_0,1.080729567060874,3.4615384615384617
car_169852_1,1.1219843405861532,7.916666666666667
car_170333_0,1.2394096842811921,22.818181818181817
car_181909_2,1.1550140035188905,10.7
car_166596_0,0.7163175851025585,2.5833333333333335
car_181656_0,1.0070438423530028,4.7272727272727275
car_167894_0,0.754151825067833,0.0
car_166561_0,0.6800551523509343,10.214285714285714
car_165918_1,0.8637683648878648,19.307692307692307
car_181922_0,0.7894085205897475,16.7
car_166928_0,0.3979054777382881,12.2
car_167295_1,1.09591044190008,6.6923076923076925
car_170970_3,0.815709183481543,5.923076923076923
car_165918_0,1.0468941341271047,20.25
car_170974_2,0.25939003346783807,8.5
car_169849_0,1.0315819737343774,5.3076923076923075
car_169134_1,0.6037048074948009,8.0
car_165940_0,0.759915527762267,14.916666666666666
car_170554_1,0.6852267102085887,17.1
car_164449_1,0.5108651283152723,3.8461538461538463
car_170297_1,1.0235904179594917,9.538461538461538
car_178041_0,1.3944846313030206,21.272727272727273
car_170994_0,0.9069536069933584,15.727272727272727
car_165424_1,0.7248789386947272,2.25
car_241_0,1.128177980305145,9.846153846153847
car_170186_0,0.7054662584779264,4.769230769230769
car_167306_0,0.44082711470642527,9.916666666666666
car_167267_0,0.9311588177753753,5.25
car_166211_0,0.9991332201132027,7.363636363636363
car_169841_0,0.6687112634893915,4.846153846153846
car_166970_3,1.14830629113832,23.4
car_185397_0,0.6187730953491221,11.266666666666667
car_168220_2,0.6828175160005294,0.0
car_167310_0,0.6077598686058854,35.44444444444444
car_166224_0,0.9180812913441095,7.5
car_155110_1,1.097898349962,18.75
car_169469_1,1.0329137380575257,29.083333333333332
car_70_0,0.8905919770472419,5.75
car_169144_0,1.126739342073196,1.4615384615384615
car_167899_0,2.3083739985000653,25.454545454545453
car_358_2,0.6249888245481489,13.777777777777779
car_167555_0,1.0693250127867728,7.666666666666667
car_177780_0,0.4525052341620096,2.923076923076923
car_162622_2,0.93716069470165,16.77777777777778
car_166933_5,0.9371312625412067,14.818181818181818
car_170646_4,1.5935024842207979,17.727272727272727
car_164005_0,1.2037459193328848,22.7
car_164451_1,0.9595657405474167,9.5
car_360_0,0.776235619103341,18.5
car_166215_2,1.20339421284416,14.461538461538462
car_163301_0,0.7882306979469709,5.916666666666667
car_170189_0,0.9893965147024129,5.833333333333333
car_164460_1,0.9156874613082342,5.357142857142857
car_166648_0,0.7242197128288718,4.181818181818182
car_167020_4,1.0839173850577886,14.1
car_245_0,0.8872498762377903,7.769230769230769
car_166180_0,0.8321422530335428,19.818181818181817
car_171235_0,1.1618267934333493,9.692307692307692
car_155602_0,0.8599924636949752,11.818181818181818
car_168220_0,1.3612692864391192,10.214285714285714
car_163307_1,1.1895422484129303,16.22222222222222
car_164460_3,1.2045337721519407,25.11111111111111
car_169852_2,1.824983987438706,18.46153846153846
car_163310_0,0.8974256913967076,3.7333333333333334
car_169806_0,1.0332757465484916,15.0
car_166566_0,1.1839165088382633,10.875
car_163348_0,0.8428344506570805,9.909090909090908
car_164456_0,1.0179338568063803,9.2
car_164185_0,1.0184664538972488,17.533333333333335
car_73_0,0.6610556982856219,13.923076923076923
car_166651_0,1.2025739134160667,7.5
car_181916_0,1.046209787262902,12.5
car_193797_1,0.9760291273463165,15.214285714285714
car_170998_0,0.9157709275576159,18.5
car_170895_1,0.8846839179817279,9.222222222222221
car_237_0,0.48669000396851625,5.153846153846154
car_167316_1,1.1187332548686233,7.142857142857143
car_165104_0,0.877387915715248,15.307692307692308
car_164471_0,0.5989425292539955,4.428571428571429
car_163695_0,1.0526300831009032,25.428571428571427
car_167595_1,1.0230855336573592,3.8181818181818183
car_167607_0,0.82562085074304,12.923076923076923
car_170536_2,0.836592864223888,3.8333333333333335
car_167321_2,0.3563884608835696,6.266666666666667
car_165399_0,0.7284772887973825,8.4
car_193152_0,0.6631830311940973,0.0
car_192643_1,1.0994942203795646,8.785714285714286
car_164461_4,1.2087109967288636,15.583333333333334
car_155363_0,0.4349299969047744,3.8461538461538463
car_163676_1,0.8662997646275233,6.833333333333333
car_181646_0,0.7787689036905239,5.642857142857143
car_171016_0,0.8096217625064508,12.333333333333334
car_167592_0,0.611304231948962,4.357142857142857
car_171228_1,1.101800530362987,26.4
car_195287_2,0.8401339708868829,18.454545454545453
car_166961_0,1.096559584699615,4.888888888888889
car_170695_0,0.8051658789042865,10.357142857142858
car_170884_0,0.6344578177472024,4.444444444444445
car_166222_0,0.9488443679881216,21.545454545454547
car_361_0,0.824476421692729,5.454545454545454
car_164480_1,0.7202994040230296,16.4
car_166277_1,1.1337019780069246,6.357142857142857
car_164002_1,0.8817829917567217,21.09090909090909
car_192485_0,0.9017378849223582,8.727272727272727
car_170704_0,0.49839078435354267,6.923076923076923
car_170677_0,0.5990833309693945,12.363636363636363
car_170180_2,0.9099826304425129,19.2
car_194199_0,1.4397817589127722,18.7
car_169846_2,0.7997677049919556,9.25
car_168246_0,0.8792993464653343,21.2
car_166229_1,0.9353670459311391,25.076923076923077
car_170646_0,1.2197344718420127,23.0
car_165933_0,1.2961605964625191,14.538461538461538
car_191935_0,0.7093789288769564,6.1
car_169824_0,0.5248213220881303,22.1
car_170345_0,0.6235812573829619,7.571428571428571
car_165926_0,1.1625044132508564,8.0
car_170367_0,0.947978044715666,13.9
car_165393_1,0.9492233357360609,7.461538461538462
car_163985_1,1.0709749742054204,16.833333333333332
car_169366_1,1.1150364883416375,15.25
car_189733_5,1.210089850775895,8.615384615384615
car_169400_0,0.7027248891228429,16.307692307692307
car_173209_0,0.48032835133710144,0.0
car_193346_0,1.53858609364717,3.375
car_170689_0,0.5684333077627733,3.6363636363636362
car_163653_1,0.7737268290372451,8.076923076923077
car_165363_0,0.6353371314627094,6.818181818181818
car_178001_0,0.6604202851337698,12.5
car_170709_0,0.08313735351220922,1.8
car_166983_1,0.6029599535320825,6.888888888888889
car_171231_1,1.0541798504528161,1.8181818181818181
car_167313_0,0.6276061715932773,7.076923076923077
car_202874_0,1.1271224251640728,4.25
car_169842_3,0.7958245684753066,7.538461538461538
car_165420_0,0.8209162900725022,2.3636363636363638
car_170476_0,1.2874934323199525,4.6
car_170896_0,0.9032830343190923,16.0
car_202419_0,1.1927539564926717,19.4
car_165100_0,0.4158026487041055,3.7857142857142856
car_163677_0,0.909921251413199,7.153846153846154
car_178583_3,0.8832825967315419,12.916666666666666
car_193797_0,0.8644342225996827,9.214285714285714
car_166918_2,0.8446957542986001,7.0
car_170363_1,1.2544297654027439,31.11111111111111
car_164000_2,1.1855368255043273,12.571428571428571
car_170364_0,0.8232055075366488,6.769230769230769
car_189732_0,1.6087292350790026,14.1
car_165362_0,0.9768761118041005,6.0
car_170892_1,0.6862910008229686,2.125
car_189733_2,0.6889747843936944,12.666666666666666
car_193276_0,0.4771871680374049,0.75
car_54_0,0.628330839424943,18.363636363636363
car_166171_1,0.7510346992250484,18.09090909090909
car_166970_2,1.0466290331332067,4.888888888888889
car_167313_5,0.6073463696402115,4.0
car_164010_1,0.7033320583827198,3.5
car_165436_0,0.7986635963369232,17.7
car_164013_1,0.6717575642315824,11.5
car_168247_2,0.9840951140194434,12.0
car_166963_0,0.6719744505357143,2.0714285714285716
car_165392_2,0.9094844030955372,18.636363636363637
car_166627_0,1.0794944564035005,3.2222222222222223
car_181919_0,1.0063047387936617,8.416666666666666
car_165351_0,0.9750187572562271,23.555555555555557
car_170702_0,0.6929271087004253,3.375
car_170284_0,0.9961184827138416,13.923076923076923
car_181923_1,0.7119153568639757,7.916666666666667
car_170180_1,0.90849588666288,12.363636363636363
car_162621_1,1.0293877628288348,3.0
car_169139_1,0.5585697762820312,2.7
car_181898_0,1.0574310469773118,10.2
car_170990_1,0.6503762631402552,14.6
car_169846_1,0.8148552809562024,28.666666666666668
car_169961_1,0.9936100668326745,21.8
car_181908_0,0.8104809135973265,5.8
car_169830_1,0.8048528195614448,6.916666666666667
car_166918_6,0.7001966180721931,5.2727272727272725
car_166584_1,1.0441123759444473,14.666666666666666
car_163560_0,0.8820208016635872,7.416666666666667
car_166581_1,1.1102558792510655,8.76923076923077
car_167313_2,0.5826529547303764,2.5833333333333335
car_170966_1,1.0173107676436444,32.3
car_163697_1,0.8152578051515939,5.363636363636363
car_165924_2,1.1861449803998674,6.6923076923076925
car_169142_0,1.3073154419630486,12.4
car_178062_0,1.0133494715814562,9.692307692307692
car_166932_1,0.9522568435338753,7.777777777777778
car_167607_1,0.7512680838935264,13.0
car_163561_1,0.846542570284575,9.384615384615385
car_202249_0,1.439849175251814,14.6
car_170679_1,0.520930753361332,5.9
car_169132_0,0.7855768050478227,1.125
car_165060_0,1.2406493614374294,10.25
car_155092_0,0.41658997782270385,6.5
car_169384_1,0.429365691955559,7.0
car_165361_0,0.45985380234816325,12.875
car_166247_2,0.8493520993130127,6.777777777777778
car_164469_0,0.524713889033925,10.583333333333334
car_165409_1,0.7750562418540438,11.11111111111111
car_193624_0,0.6738741720013071,14.125
car_170346_1,1.0410790789906872,10.0
car_167003_0,1.1113325763315618,15.3
car_169367_1,0.3187248568320331,7.230769230769231
car_167317_1,1.514655918298369,15.1
car_167013_0,0.7739159898659147,26.8
car_177788_2,0.4315973661083841,9.461538461538462
car_166641_2,0.6887521038160971,6.2727272727272725
car_155098_0,0.7862239891933297,7.3076923076923075
car_166238_2,0.7052621922028435,14.142857142857142
car_177788_1,0.7079353440460405,15.4
car_171000_0,1.017545296606666,3.272727272727273
car_170548_0,0.655689725426615,1.0
car_163561_5,1.728514741884444,10.461538461538462
car_169385_0,0.6800271304958443,10.076923076923077
car_166999_0,1.223698826163544,14.23076923076923
car_170296_1,0.5124508399611751,13.875
car_201676_0,0.7922533508976966,6.636363636363637
car_169381_0,0.6739736955596798,14.909090909090908
car_163985_0,0.4408812827147295,9.0
car_166265_0,0.6200731428055831,13.75
car_170698_0,1.0294697315958676,6.0
car_170348_0,1.0628971311929871,25.583333333333332
car_163645_3,0.6773562007733681,2.466666666666667
car_178305_0,0.6014508485202937,11.125
car_164001_1,0.7639408728583438,9.909090909090908
car_166211_2,0.7991765556920677,3.6
car_200335_0,0.5151953577155277,5.214285714285714
car_171225_1,1.0922473568677313,16.444444444444443
car_166991_0,0.31954274444341735,9.5
car_164456_1,0.5981189172723396,18.5
car_166174_1,0.1455297027409662,0.0
car_164450_2,0.9373325450354183,7.25
car_169812_0,0.9354511695596485,11.75
car_165433_0,0.8482403900126022,1.4545454545454546
car_178050_0,1.5173213550039752,25.875
car_163343_0,1.1702472370365864,1.1
car_202874_1,0.7524840805631401,11.916666666666666
car_170367_1,1.0316804256738277,11.0
car_192807_1,1.1479059427933793,4.0
car_167581_1,1.3977760365384688,8.833333333333334
car_170885_1,0.9439401818132214,9.555555555555555
car_167580_0,0.9349923973831136,22.571428571428573
car_166981_0,1.0099484772531742,29.333333333333332
car_166926_0,0.7751313681039996,6.153846153846154
car_168194_0,0.8159972802677595,2.75
car_166566_1,1.7359857273370236,8.777777777777779
car_167020_2,1.474363538096808,19.727272727272727
car_167279_0,1.7149112446659398,16.22222222222222
car_170651_0,0.8079373913083232,17.333333333333332
car_167612_0,0.8101020094203703,3.3
car_166264_0,1.0141173619982502,12.666666666666666
car_166651_3,0.7482539860495581,3.5
car_170646_3,1.108266506697587,9.8
car_165928_3,0.678498303945967,0.0
car_165933_2,0.6238138450720924,8.2
car_181657_0,0.9627269305953668,9.181818181818182
car_169853_0,1.1102431116510088,18.083333333333332
car_167609_1,1.1599416321192064,7.5
car_170196_0,0.4942190028057882,6.777777777777778
car_167901_0,1.5417107685277125,4.888888888888889
car_165928_1,0.8697288556750047,13.307692307692308
car_181918_0,0.4504333577403101,1.2
car_166972_1,0.897065771986186,10.88888888888889
car_177788_0,0.6692408393814694,6.461538461538462
car_166995_1,0.8998169766791041,13.090909090909092
car_166611_0,1.1124086774159543,13.307692307692308
car_167581_0,0.6491515461298555,6.0
car_170970_2,0.9982182687905299,6.8
car_168218_0,0.35286603881429834,6.444444444444445
car_189736_1,0.8888608339463347,1.4
car_166933_3,0.9795037235431783,2.3
car_170476_1,0.811539905057638,3.6666666666666665
car_163306_0,0.6122463907049147,4.181818181818182
car_167564_0,1.6481945096644854,21.1
car_167318_0,0.2826407862423252,5.75
car_180975_2,0.9758203385838213,10.555555555555555
car_166626_1,0.9650568011014486,12.142857142857142
car_173200_0,0.5376662791781099,11.875
car_167572_1,1.21092205687853,12.5
car_170284_2,1.242969259363816,25.363636363636363
car_166223_0,0.8219296503856448,15.0
car_167313_6,1.0720857126527705,10.0
car_163350_0,0.8962172003596144,13.75
car_163695_5,1.0440192224964802,14.727272727272727
car_167887_1,0.6865981340101679,6.363636363636363
car_169387_0,0.8024358742432044,6.142857142857143
car_164016_0,0.7613024056479005,5.6
car_170180_3,0.6550594039725293,4.636363636363637
car_166245_1,1.509867610937543,8.666666666666666
car_167895_1,0.642360276687058,31.0
car_169380_5,1.1765861549802135,15.0
car_164033_0,1.0180228519744607,8.9
car_178070_2,0.7756540756575238,9.363636363636363
car_155117_0,0.5560816574523513,7.888888888888889
car_180975_0,0.6416847960638085,14.428571428571429
car_170649_0,0.6732625114758047,0.0
car_162624_1,0.48182705662304576,4.181818181818182
car_165923_1,0.749882504756761,6.454545454545454
car_166247_1,1.0545362576247854,2.8
car_166933_4,1.280913047021284,17.583333333333332
car_193523_0,0.15938790846586062,3.5714285714285716
car_191928_0,1.0052761574719662,6.777777777777778
car_166610_1,0.9960431140024795,5.75
car_165431_0,1.0164196453165109,1.2857142857142858
car_163981_2,0.5302080581232187,0.0
car_202727_0,1.5061924418961767,7.636363636363637
car_167573_0,0.9332237475572196,3.0
car_165094_0,0.9764802209107937,0.5454545454545454
car_166251_0,1.29970649213922,5.111111111111111
car_170297_2,1.1709992769438045,27.3
car_169382_0,1.1513418911058095,7.6
car_55_1,0.6860991977650267,7.3
car_167315_2,0.7603438645227045,17.875
car_170307_0,0.44457451623903793,3.3333333333333335
car_166640_0,0.5911783565247429,9.1
car_200449_0,0.949067726620515,12.25
car_171011_0,0.9188904710506541,0.6363636363636364
car_163340_2,1.1314616857598934,14.428571428571429
car_163981_0,1.045649147878597,17.1
car_164186_0,0.32300104225550114,6.5
car_170339_0,0.4064167381518352,6.5
car_165945_0,0.8499831255260045,0.0
car_169380_2,0.9912196283754928,17.7
car_164472_0,0.7921479610239117,12.727272727272727
car_170476_2,1.0023154252229913,15.75
car_178057_0,0.6368973371259194,19.375
car_155359_0,0.7104489346763939,0.0
car_166305_0,0.9964840272136375,10.272727272727273
car_166568_0,1.0233892130291022,22.555555555555557
car_166968_0,0.6951755405884072,7.7
car_169811_1,1.1792410563751456,11.125
car_181915_0,1.0573110976361741,12.555555555555555
car_170990_0,0.9020803008927883,4.666666666666667
car_167293_0,0.8125308707303374,14.333333333333334
car_167291_0,1.0254080778972534,6.5
car_165401_1,1.0469774007296935,10.3
car_202610_2,0.7073332833552088,2.4545454545454546
car_166643_0,0.7237528461118083,7.25
car_171019_0,0.8606418547862343,13.727272727272727
car_165413_0,1.1265928966448355,11.454545454545455
car_178045_0,0.5855746271249426,3.0
car_170200_3,0.9135584705641647,15.909090909090908
car_165927_2,0.40071934798865516,2.1538461538461537
car_189733_4,0.6503975688248465,5.777777777777778
car_167270_0,0.9726545220987513,15.8
car_201021_2,0.9298798018173038,26.09090909090909
car_170888_0,0.9002676686867328,14.2
car_170185_0,0.7673635061464658,10.6
car_191648_0,1.1657118831234927,10.333333333333334
car_169811_3,1.044475824730111,0.875
car_200987_1,1.1261932544600788,14.75
car_166276_1,0.986237295016173,11.125
car_170966_0,0.8638875816029269,9.357142857142858
car_170688_0,1.06143087827979,13.375
car_166219_0,0.843312242807834,4.9
car_166302_1,1.192469252928484,27.875
car_166271_1,0.6836075262782464,5.125
car_163674_0,0.8989386510415756,10.11111111111111
car_165407_0,1.2058535723678345,6.7272727272727275
car_163646_0,0.5705290565368953,12.333333333333334
car_167282_2,0.803101239004762,1.25
car_181899_1,0.7489531946341077,4.909090909090909
car_166217_0,0.8805411058357121,1.7
car_191860_0,0.5035237157276244,19.0
car_195287_1,1.2185046608287762,13.375
car_202893_0,1.0581672896759386,19.09090909090909
car_165086_1,0.9728603716749749,17.9
car_191945_1,0.4781636435671818,1.2
car_169822_3,0.2653974752715869,2.4166666666666665
car_165389_1,0.46899424922207517,5.583333333333333
car_166619_0,1.212346783424643,5.4
car_171276_0,1.0535900977585324,14.6
car_166230_1,0.42487965623936236,4.428571428571429
car_170887_0,0.6606716294124027,3.625
car_167016_1,1.2239395277887974,13.818181818181818
car_164774_0,1.1415099695511164,10.75
car_165412_0,0.35861686524432357,0.75
car_165345_0,1.0585543661053034,8.166666666666666
car_163646_1,0.28765717731207974,13.5
car_169392_0,0.7795107292422248,9.0
car_166581_2,1.1458968298422194,12.727272727272727
car_166573_0,0.6958462329457864,11.7
car_166613_1,0.9072538542153686,6.714285714285714
car_166230_2,0.822916913756098,32.333333333333336
car_202893_3,1.4557161337714881,12.363636363636363
car_169393_1,0.8735410663694639,22.5
car_166586_0,1.133549574588754,7.0
car_155605_0,0.9056239206619563,6.375
car_166212_0,0.7635011367405375,8.363636363636363
car_163352_0,0.9124678683960655,26.272727272727273
car_163344_0,0.4311898313886977,17.25
car_170965_3,0.8346778178095638,8.25
car_166641_1,0.6567475811797601,15.25
car_166215_0,1.2209166093878838,8.181818181818182
car_166977_3,1.4221690635796298,9.875
car_163980_0,1.1269222698375647,5.625
car_166918_1,0.6327986059951893,1.7777777777777777
car_170346_0,0.6262654671433079,4.142857142857143
car_166611_3,0.959315439836213,0.0
car_167010_2,0.46247110311427564,12.5
car_167886_1,1.2104067201685877,13.9
car_169393_0,0.5315734159579293,10.9
car_173208_0,0.7483792058125244,4.571428571428571
car_169141_1,0.8991815824155588,16.916666666666668
car_164787_0,0.6601181812738448,21.75
car_193237_0,0.6044700658217068,6.636363636363637
car_163669_0,0.7481574075284063,6.25
car_155103_1,0.6527074848646693,0.14285714285714285
car_169376_0,1.0671075591928634,2.3333333333333335
car_201354_2,1.106373999717836,12.11111111111111
car_163695_3,0.7524799206380686,20.0
car_164462_3,0.6093352810413314,5.75
car_170898_0,0.8253978592537385,8.272727272727273
car_168242_0,0.5102943560191653,2.2857142857142856
car_181920_0,1.218769784715079,0.375
car_165430_0,0.5739179231669089,4.4
car_167304_1,1.0066864707438534,2.2
car_189736_3,0.7607760907089232,3.8
car_164000_0,0.816090432292665,1.2
car_166626_0,0.6449956150208253,11.454545454545455
car_178017_0,0.5721919224203817,13.375
car_169841_2,0.8608147842948651,5.3076923076923075
car_165931_0,1.5011513875483111,11.454545454545455
car_166982_0,0.6651991605489797,5.111111111111111
car_169834_1,1.5144754501294002,18.5
car_155121_0,0.9648235713710158,3.5555555555555554
car_167886_0,1.2215930267996524,17.333333333333332
car_166265_1,0.9033307085805824,2.8181818181818183
car_170682_1,0.70893500065595,12.0
car_169843_0,0.7870258168328422,5.666666666666667
car_170693_0,1.0061896633612255,18.0
car_170980_0,0.8292307508347909,9.285714285714286
car_181649_0,1.3836768611131294,7.4
car_178031_0,1.009822632710334,7.923076923076923
car_181645_0,0.22615260050387168,1.6666666666666667
car_170886_0,0.6815326370760942,4.75
car_178037_0,0.4863409498477891,7.916666666666667
car_193526_0,0.6369060578884814,11.0
car_170658_0,0.7434490916010033,0.0
car_166171_0,0.6311396201572566,14.25
car_166302_2,0.7578813129239104,0.1
car_169380_4,1.305825950846422,11.0
car_165102_0,0.6965460164580832,18.785714285714285
car_167283_0,0.6810325579788454,0.0
car_167017_1,1.032323292036704,5.066666666666666
car_164779_0,0.6998970308367429,5.2727272727272725
car_166993_0,0.4757793155095685,3.1818181818181817
car_193694_0,0.7658776692250274,5.2
car_181654_1,1.0603567057085344,16.545454545454547
car_166277_0,0.8380275500285655,11.357142857142858
car_163340_0,0.7504971892616147,7.818181818181818
car_163646_3,0.70849172161743,7.875
car_165107_1,0.9153885668178088,12.555555555555555
car_170284_1,0.7178038330404073,8.444444444444445
car_169370_1,1.021937474325578,2.0
car_167904_0,0.4589482821450752,6.5
car_163983_1,1.0739159569347547,12.363636363636363
car_181912_0,0.3298822907623863,0.0
car_163672_3,1.2870035025022202,12.9
car_177785_2,0.7272298819715075,4.0
car_163676_0,1.1844096678792486,35.09090909090909
car_170703_0,1.2742550208166774,8.777777777777779
car_166967_0,1.3485736754690332,22.4
car_168247_0,0.8201426737767018,2.6666666666666665
car_193500_1,1.1230879040087565,17.214285714285715
car_163314_0,1.2971489198081672,1.5714285714285714
car_167309_1,1.219393309000142,9.272727272727273
car_165394_5,0.7462082174094058,14.4
car_164193_0,0.45822034059474703,0.0
car_166582_1,0.7428669090396666,2.857142857142857
car_166216_2,1.0505077392425044,1.6
car_165439_0,1.0837265161354743,14.0
car_170296_3,1.1026367143144218,19.083333333333332
car_168195_1,0.6742514685891572,11.461538461538462
car_170343_0,0.35001396416510416,0.0
car_167897_0,0.7919181642076569,2.6
car_163320_1,1.0901514346033272,12.909090909090908
car_167002_0,1.0908152409921468,3.5
car_169371_0,0.3681545588760005,7.125
car_163561_0,1.1833235552180077,4.7272727272727275
car_170644_0,0.9341585587096695,12.727272727272727
car_166970_4,0.3540171675296186,0.0
car_167270_1,0.727550733791667,12.642857142857142
car_155091_0,0.7791020257512948,12.0
car_166583_1,0.7723838618415936,3.1
car_164461_0,0.5738563599559902,8.625
car_166255_0,1.3142191793537463,12.25
car_169930_0,1.7763779475365529,7.2
car_170335_1,0.6922146542831282,1.625
car_167298_0,1.5036836617925253,4.285714285714286
car_170892_0,1.1647603743851638,12.25
car_163695_2,0.7869097800682167,5.875
car_167270_2,0.9563273397988147,9.615384615384615
car_166565_0,0.6554810083076146,21.0
car_170314_0,0.800883189412103,0.0
car_163660_1,1.3008152910359458,14.222222222222221
car_167593_0,0.6553035441025145,10.222222222222221
car_169845_1,1.0798133502493248,16.46153846153846
car_163697_0,1.0491472089665754,20.875
car_166588_0,0.7792045340168077,2.0
car_166992_1,0.44449273107896264,6.0
car_171231_0,0.9396078486367408,8.153846153846153
car_170646_2,1.0193141711486435,18.545454545454547
car_166219_4,0.9663919699464742,0.0
car_181649_1,0.7471178619934625,7.0
car_170540_2,0.8447069547950565,1.875
car_178582_0,0.6820125215403321,12.833333333333334
car_165944_1,0.6616159215405011,5.833333333333333
car_163988_0,0.9207762496136664,25.375
car_171010_1,0.6399026860814464,6.444444444444445
car_165421_0,0.5656501650107181,2.8333333333333335
car_164032_0,0.8284836732631201,11.545454545454545
car_178327_0,0.5336557237405664,12.5
car_166313_0,1.0257463844365369,23.0
car_177785_3,0.736121906230438,2.5714285714285716
car_169839_0,1.413767736640905,9.142857142857142
car_164458_1,0.6441228836082499,0.09090909090909091
car_200320_0,0.32748641502453574,7.0
car_163345_0,1.1367495207132312,4.0
car_165398_0,0.5841533342887754,0.0
car_166997_0,1.1463236895112614,9.571428571428571
car_192238_0,0.6367030076923487,9.857142857142858
car_170694_0,1.367831426567872,11.625
car_169811_0,1.531424562288866,12.777777777777779
car_169834_0,1.4744592233229692,11.5
car_170322_0,0.7982467023805969,10.666666666666666
car_164778_0,0.7414770673881307,8.166666666666666
car_166219_1,1.0156307513797362,2.4285714285714284
car_165942_1,0.909116474415189,10.428571428571429
car_195606_0,1.134139194181515,22.714285714285715
car_165366_1,0.5456242412527367,1.1666666666666667
car_169387_1,1.2856341579100765,3.2222222222222223
car_170674_0,1.167312729520971,25.727272727272727
car_194909_0,0.34205028647274954,2.8333333333333335
car_181914_0,0.7132521921586493,10.5
car_170682_0,0.7476782339421905,8.4
car_192625_1,0.6808146745391274,14.8
car_170971_0,0.6506881770167555,6.4
car_168214_0,1.0072668265801283,19.22222222222222
car_167581_3,1.307264954362507,9.0
car_170354_0,1.0411352204372477,9.0
car_169379_0,0.5115155474268732,4.571428571428571
car_165341_1,0.46616753452710746,3.857142857142857
car_171229_0,0.9770666901033869,18.285714285714285
car_165925_0,0.5327641271948339,6.6
car_164016_1,0.7119747034674897,4.25
car_163318_0,0.6816887597098725,7.142857142857143
car_201021_0,0.7982605699630506,9.5
car_166248_1,1.023579671092244,16.571428571428573
car_167313_4,0.7013053062487955,25.09090909090909
car_169959_1,1.290601966786399,5.888888888888889
car_155120_0,0.6281690440983927,8.0
car_166300_0,1.0005672187376156,17.25
car_201611_1,0.9809415917120021,6.25
car_166995_2,0.5712245212016859,9.0
car_60_1,1.3196366865892706,9.0
car_170357_0,1.1486025977432044,0.0
car_169384_0,0.7935967008158374,0.09090909090909091
car_170536_3,1.2130916145114459,4.0
car_164462_1,0.2760545396124759,8.272727272727273
car_170335_2,0.9927922003930352,7.857142857142857
car_168211_0,1.1261042677607496,11.857142857142858
car_166256_2,1.2048215349590379,28.4
car_165927_3,1.0670183543548744,0.0
car_169367_0,0.7705057263466237,0.0
car_165064_0,0.9735820400397618,12.4
car_164184_1,0.7853605927081035,14.0
car_166585_0,0.41733241069081645,3.0
car_169837_5,0.3779776331011792,16.166666666666668
car_166610_0,1.414759103853638,7.0
car_165386_1,1.2494746851547276,11.9
car_189736_4,0.9993891252092251,16.0
car_166215_1,0.798382760726995,5.333333333333333
car_167887_0,0.8303280460747308,0.0
car_170545_0,0.8177749141516081,8.909090909090908
car_165400_0,0.3354712451712858,6.666666666666667
car_166567_1,1.0863564124869016,0.0
car_170993_2,1.329206959262907,24.714285714285715
car_166649_1,0.5209462239871682,12.875
car_167292_1,1.2957374333340457,6.666666666666667
car_181647_0,0.9005908412592976,14.833333333333334
car_165086_0,0.5522306499682396,7.1
car_168191_0,1.0342842650371422,10.090909090909092
car_164468_0,0.8142136647057923,8.5
car_170903_0,0.8738053649450316,2.625
car_178036_0,0.6327930344436181,8.88888888888889
car_171017_0,0.8785063502720086,15.88888888888889
car_169469_0,0.9933167155911565,16.6
car_173201_0,0.6943001531567953,7.75
car_167017_2,1.0972626789536928,3.5
car_170974_0,0.6151248803791737,9.875
car_178002_1,0.4237518344706596,11.88888888888889
car_167580_3,0.7438635606550529,7.888888888888889
car_169397_0,0.5598917279579109,12.285714285714286
car_201021_1,1.2077094171309244,9.0
car_169809_0,0.9577294219661024,7.090909090909091
car_164016_5,1.1873147522482521,11.714285714285714
car_169470_0,1.1628921391232812,10.636363636363637
car_169934_0,0.7070269553139023,4.285714285714286
car_165397_0,1.0694896633277955,13.0
car_165105_0,0.7934364138357752,2.1666666666666665
car_164014_0,0.9635767138745704,7.1
car_170334_0,1.108153706881699,19.083333333333332
car_169471_2,0.8411266169786202,8.875
car_164004_0,1.058213631814667,8.555555555555555
car_166967_1,0.7146434806013496,4.7
car_165393_0,0.8689431965544461,9.9
car_178584_0,1.0071053274827937,12.0
car_181917_0,1.1405931086087102,22.88888888888889
car_165386_2,1.7395756997609872,6.25
car_200758_1,0.4612768570532026,5.416666666666667
car_166242_0,0.9229891472103924,18.076923076923077
car_164033_2,0.520510610734157,6.5
car_193523_1,0.9639559328177827,16.142857142857142
car_169835_1,0.6365310354860808,3.375
car_163674_1,0.8747789887276691,7.777777777777778
car_170561_0,1.0261720528272904,16.375
car_167577_0,1.0470574230524594,12.714285714285714
car_167320_0,1.0662312862317136,16.125
car_167000_0,1.629268851896763,30.0
car_166588_2,0.8513470321897515,23.727272727272727
car_165406_0,0.7320946675115125,16.2
car_166929_0,0.9694233831782506,6.8
car_166978_0,0.8581713203613855,0.5
car_167570_0,0.4852368186578567,0.8571428571428571
car_167292_2,0.7106353380984798,0.0
car_164016_6,1.0006136255893254,14.0
car_167261_1,0.5201075150952572,8.75
car_202249_1,0.33329721550926084,8.5
car_167017_0,0.8687938505586373,4.875
car_155360_0,0.12416778625766511,0.0
car_169806_4,1.1204139144988823,19.454545454545453
car_167616_0,1.0284528352089104,12.285714285714286
car_166312_0,0.6167697002913138,8.428571428571429
car_171225_2,1.0242753559383146,6.333333333333333
car_169846_0,0.914480375855733,8.4
car_169806_1,2.06870560705981,5.363636363636363
car_178585_0,1.401970639562033,14.0
car_166977_2,0.8954950819071584,17.714285714285715
car_167884_0,0.996543474347924,5.818181818181818
car_170536_0,1.0983233483993602,11.8
car_164460_2,1.1305835949701881,8.555555555555555
car_170544_1,0.6017648901497931,0.0
car_52_0,0.45631412699320983,6.666666666666667
car_170195_0,0.3255405904316125,0.0
car_167308_0,0.6524957776681125,12.0
car_167318_1,0.7037992076331131,1.4285714285714286
car_163982_0,0.2526944464514344,0.0
car_155113_1,0.6106976397204126,0.0
car_200156_0,0.5682703259033336,7.166666666666667
car_178335_0,0.7248636346898994,5.166666666666667
car_163671_0,0.6018604905912435,9.4
car_169390_0,0.37729385327194404,4.5
car_178004_0,0.2850247395068911,4.222222222222222
car_166236_0,0.6325956378897495,0.8571428571428571
car_166301_0,1.078748087999497,1.1111111111111112
car_185396_0,0.8195722633856078,2.857142857142857
car_166227_2,0.8841404440868165,2.3333333333333335
car_163619_0,1.0287016189951754,4.888888888888889
car_165092_0,0.43652735360663064,6.142857142857143
car_178005_0,1.219542389207428,14.25
car_167002_1,1.2807279998956418,23.666666666666668
car_170702_2,1.0277631806367555,8.9
car_163340_1,0.7313983019085519,12.428571428571429
car_170968_0,0.6411085806786542,0.0
car_173211_1,0.53254000532974,7.545454545454546
car_170963_0,0.695089701258064,15.285714285714286
car_167308_1,0.77116008072217,7.142857142857143
car_363_0,0.7114284028858865,6.666666666666667
car_170684_2,0.6681738331367403,3.1666666666666665
car_166308_0,0.8802931947039004,18.8
car_193776_0,1.3252288842414284,5.714285714285714
car_163645_1,0.6997974863523194,6.0
car_180981_2,0.4525559211593792,3.857142857142857
car_73_1,1.4315773426969123,16.75
car_201748_0,1.059432429752284,6.75
car_166617_0,0.46922557763222833,7.333333333333333
car_164757_0,0.6239248228481064,4.5
car_165942_0,0.7017309914038351,22.90909090909091
car_169384_2,1.1454735602469253,6.666666666666667
car_164462_2,0.5715335109658823,18.4
car_170554_2,0.6029803244974962,4.461538461538462
car_177788_3,0.7778710682447536,0.0
car_163644_0,0.7881615679332679,4.0
car_192643_0,0.6174900396795436,19.333333333333332
car_169934_5,0.825532668672813,0.0
car_169819_0,0.6110593741544256,9.181818181818182
car_166932_0,0.5286181141025008,10.142857142857142
car_170297_0,0.38343576912143823,0.875
car_177778_0,0.8305048705048654,4.833333333333333
car_170653_1,0.37802668681529433,0.9
car_170544_3,0.9427965587390854,16.1
car_169384_3,0.8576601585179215,12.0
car_166248_2,0.5183894568198001,15.090909090909092
car_181643_2,1.4298675013177522,16.5
car_166970_1,0.9227327340391047,5.714285714285714
car_169841_3,1.0125055426224518,14.375
car_166248_0,0.8933760831452074,10.0
car_167886_2,1.3235363821186583,7.2
car_164011_2,0.6579047393401473,10.5
car_166271_0,0.9267068032272624,5.5
car_169370_2,1.3147633324613013,14.5
car_178583_0,0.947266529534413,20.857142857142858
car_166993_2,0.8449634401141117,13.25
car_169810_0,1.0971908552513316,8.375
car_170970_0,0.5189333569941609,5.714285714285714
car_164466_0,1.0627637139914787,12.88888888888889
car_166582_0,0.9943893410400811,4.8
car_189733_1,1.1449421336623302,8.583333333333334
car_165106_0,0.9520623910201007,10.0
car_167328_0,0.7341221335537996,5.833333333333333
car_168219_0,0.9745143529857623,4.0
car_165361_1,0.06219536537025649,0.0
car_181898_1,0.8441799699789269,5.666666666666667
car_169962_0,1.1020932969461448,2.8333333333333335
car_167610_0,0.27063684351186396,0.0
car_166172_0,0.7355197805421407,10.0
car_165392_1,0.686840560170568,0.0
car_181923_0,0.8473361572911997,5.8
car_166281_1,0.35244169534287206,0.0
car_166237_0,0.8398741216199768,0.75
car_171232_0,0.35093085119355255,13.666666666666666
car_166977_1,0.6758805304323121,0.0
car_168195_2,1.1369790109565883,20.4
car_165407_1,0.701930015531005,13.444444444444445
car_166984_0,0.6850843935980773,6.0
car_166226_0,0.8296352932755857,9.875
car_169141_2,0.5020058283826586,7.5
car_170198_0,0.6478904873086141,6.857142857142857
car_170539_0,1.013963279091987,5.8
car_202987_3,0.5164592478295466,11.142857142857142
car_163613_1,0.8316402801989498,6.75
car_166214_0,1.0902012754752137,9.777777777777779
car_170892_2,0.7394301240158331,5.5
car_181652_0,1.0724008291587748,9.75
car_162622_1,0.7206930374473651,13.1
car_170353_0,1.0898998557829485,24.444444444444443
car_167327_0,1.2147041219726022,0.0
car_166612_0,1.0387039411256043,11.916666666666666
car_165389_2,0.5890227525903954,15.285714285714286
car_170549_0,1.1671870415156043,4.333333333333333
car_170655_2,0.7553391571330256,14.545454545454545
car_170993_0,1.1366957629345162,14.5
car_169961_2,0.5470155305323674,0.0
car_166970_0,0.7349239785460314,8.166666666666666
car_170566_0,1.2292787568130579,8.4
car_166311_0,1.422771555263442,7.125
car_164449_0,0.6498623544823232,16.88888888888889
car_167020_3,0.7160068285059243,0.0
car_164471_1,0.9633884556915113,12.272727272727273
car_168195_0,0.6809857318803302,13.75
car_163661_0,0.8055553588492493,20.666666666666668
car_155363_1,0.5826200682211217,8.0
car_166930_1,0.9201096707659242,11.272727272727273
car_181647_2,0.9964233840070484,7.7
car_163561_3,0.7569377845956843,10.571428571428571
car_165355_0,0.5457944598986477,7.8
car_164010_0,0.6508101127344421,16.857142857142858
car_165383_0,0.46973452747589317,27.625
car_166645_0,0.46123382567619725,8.625
car_167274_1,0.5123852902410511,0.0
car_166175_0,0.6167201141432745,14.88888888888889
car_166240_0,0.7869346456059461,5.5
car_163617_2,0.7691801719742245,13.285714285714286
car_164025_0,0.6716087960830457,13.5
car_170296_2,0.8815248643796888,10.4
car_61_0,0.8409948389185792,1.5
car_167588_0,1.254384437687479,13.0
car_163560_1,1.0285402732426328,17.5
car_170701_2,1.092002483922089,10.875
car_177789_0,1.4091581720088957,4.6
car_165344_0,0.7877592023232582,14.625
car_202894_0,1.0199887492494262,0.4
car_170181_1,0.866069799006341,10.375
car_170987_0,1.3679950808520107,8.75
car_165394_3,1.1762202562464787,1.2857142857142858
car_166269_2,0.6957054637972983,0.2857142857142857
car_170206_0,1.276655988590419,4.5
car_166278_0,0.4394103451405577,4.777777777777778
car_166995_0,0.7084082844374718,9.25
car_173214_0,0.6650156083206425,10.0
car_169141_3,0.7539906130310742,0.0
car_171232_1,0.7870132310982585,14.625
car_198342_2,0.7461405045813918,9.166666666666666
car_163646_2,0.70326638666032,27.0
car_163983_0,0.9271651038113058,11.375
car_168193_0,0.8227155491722064,7.166666666666667
car_167895_0,0.7101514300395204,9.285714285714286
car_173199_0,0.6561411324057209,2.0
car_200987_0,1.1245823657543255,10.0
car_162622_0,0.3098014709936071,5.428571428571429
car_168211_1,0.31778413712276526,3.875
car_165349_0,0.8251616826211581,7.555555555555555
car_167331_0,1.1178252191699776,14.0
car_166302_0,0.8119137008077335,9.0
car_170885_4,1.212896285800866,13.625
car_165389_3,1.2447560973530751,1.4
car_170701_0,0.8147287314342351,4.5
car_163655_0,0.7314133664782421,11.0
car_168196_0,1.2276856313168383,5.714285714285714
car_171223_0,0.4430700501457539,9.222222222222221
car_166610_2,0.7916838143635887,8.125
car_64_0,0.48604988998196624,5.166666666666667
car_169383_1,0.5984108589138767,5.2
car_178050_1,1.5518432577391719,12.857142857142858
car_195547_0,0.6001655285252724,10.142857142857142
car_168197_0,1.3821565555469402,3.6666666666666665
car_166593_0,0.9909846549419965,12.5
car_189734_0,0.8128841350820424,10.666666666666666
car_165432_0,0.9274068791876363,10.272727272727273
car_168217_0,1.2007741466747328,13.222222222222221
car_165410_0,0.8303903098010981,10.166666666666666
car_170979_1,0.6115109182634639,17.0
car_167261_0,0.28778496827188554,5.666666666666667
car_170683_0,1.4153703365014778,5.4
car_169840_1,0.648367978900097,1.125
car_166230_0,1.364510122059009,9.0
car_165928_2,0.4654319389269134,13.571428571428571
car_167293_1,0.8306086279508154,8.0
car_170563_1,0.6435248441335848,13.857142857142858
car_170991_0,0.9749880440613953,17.666666666666668
car_166225_1,1.159488024747349,31.8
car_165382_1,1.351958074416336,16.125
car_170974_4,0.7942545657418664,22.083333333333332
car_202610_1,1.0541244216503638,2.9
car_177773_0,1.5108282354600544,7.333333333333333
car_169136_0,0.8458657131931758,1.8333333333333333
car_169847_0,0.8416489347670915,5.666666666666667
car_192807_0,1.0485498430679367,5.5
car_167316_0,0.740442694710745,8.0
car_164462_0,0.8756286417126673,12.88888888888889
car_166918_0,0.6053238642094864,12.0
car_170482_1,1.3150400788669714,4.555555555555555
car_170296_0,0.7554398018071389,13.5
car_163649_0,0.7782763343297701,11.0
car_169471_1,1.2174102965784888,16.285714285714285
car_166924_0,0.6782626873787361,12.272727272727273
car_169134_3,0.8981173060573353,14.222222222222221
car_165351_1,0.4331332905864789,10.0
car_163321_0,0.8115589690028259,9.166666666666666
car_163672_2,1.4391921905615754,3.7
car_60_0,1.3164100335348121,29.571428571428573
car_164445_0,0.8280076109167424,22.818181818181817
car_167580_1,0.4400250622476187,4.555555555555555
car_181653_0,0.4258487268510176,3.5
car_181902_0,0.41288110859500887,17.625
car_181649_2,1.257239646255474,7.2
car_170655_1,0.8283447329287761,5.714285714285714
car_166620_0,0.5037875658227574,7.0
car_169823_0,0.3056964548251873,9.0
car_178331_0,0.6495454494004212,17.375
car_163647_0,0.4186716903645794,11.857142857142858
car_163351_1,0.8629903491262715,12.333333333333334
car_169388_0,0.5339660308671924,7.125
car_192081_0,1.0876822649263627,0.6666666666666666
car_163998_0,0.3135187524526056,0.0
car_169843_1,0.9926650420668116,4.222222222222222
car_163982_1,1.7093927990212527,15.571428571428571
car_170970_1,1.103236737482217,5.857142857142857
car_170180_0,1.2297892252546747,13.2
car_170895_2,0.6728525822358451,5.333333333333333
car_166987_0,0.6531431109546119,14.555555555555555
car_167329_0,1.0129336844931802,12.857142857142858
car_170344_1,0.49973671929550884,0.2857142857142857
car_181643_1,1.1979484727440413,39.57142857142857
car_202874_2,0.7992878185172007,8.909090909090908
car_201354_0,1.0720969805886222,2.5714285714285716
car_173207_0,0.8101374079011294,17.0
car_169823_2,0.7940611721868764,9.7
car_170976_0,0.5118370181805699,12.333333333333334
car_166638_0,0.9027357773689147,9.333333333333334
car_165107_2,1.0285825811499332,23.09090909090909
car_166216_1,0.168508762123172,0.0
car_170537_2,0.9198463603114294,14.666666666666666
car_166229_2,1.0176593976324153,20.428571428571427
car_166962_2,1.091054246853966,24.5
car_170965_1,0.6857482476965583,0.8
car_200699_1,1.430823664888216,18.90909090909091
car_181908_1,1.168750911834724,6.0
car_166573_1,0.8899426619706144,20.333333333333332
car_181654_0,0.9195423746622396,11.666666666666666
car_163695_6,1.0523893999537592,10.142857142857142
car_192625_0,0.4053496161222496,6.777777777777778
car_169844_2,1.0781280395307549,15.75
car_165424_0,0.6841706786260957,19.0
car_202987_2,1.1721923789146431,11.0
car_181916_1,0.8835386621368319,8.1
car_169380_1,0.9165221293061653,18.90909090909091
car_193276_1,1.044409371980376,12.444444444444445
car_165928_0,0.8151170556880718,5.0
car_164030_0,1.1415848085996219,16.125
car_169380_3,0.2827234594589049,0.3333333333333333
car_178325_0,1.2109870531715567,23.4
car_166247_0,0.8125996513136613,9.571428571428571
car_193890_0,0.5953136048137982,15.6
car_155115_0,1.6329638078007238,12.444444444444445
car_163983_2,0.6817930421829435,7.0
car_164460_0,1.4438544924001253,24.25
car_170179_0,1.4362120993258178,32.42857142857143
car_170968_1,0.5975437504338345,11.0
car_178025_0,1.5678976918618683,1.8333333333333333
car_169830_0,0.9259699483273831,10.5
car_163695_7,1.6573044050035362,9.285714285714286
car_178063_0,1.5019096665485587,14.428571428571429
car_166962_0,1.4293273880934612,6.2
car_170540_1,0.4519175864089709,3.625
car_194909_1,0.512646516252805,14.0
car_202193_0,0.5212502784038701,1.8333333333333333
car_192241_1,0.6943619663487711,13.0
car_166526_0,0.9506997317522998,0.0
car_167323_1,0.5481532067539272,0.0
car_169381_1,1.0963389197808278,7.555555555555555
car_170363_2,0.7702949427635465,4.111111111111111
car_166225_0,0.8384682736966371,11.833333333333334
car_167009_0,1.558823352383902,3.375
car_164476_1,1.156013231872496,11.142857142857142
car_169822_1,0.996617070732268,15.923076923076923
car_166641_3,0.7582539059845422,9.285714285714286
car_164470_0,1.073829313332625,7.375
car_169930_1,0.8062607085483731,17.571428571428573
car_168195_3,0.4723224350332281,7.555555555555555
car_165360_0,0.7507367170071234,11.333333333333334
car_163347_0,1.0524309886594976,3.6666666666666665
car_177785_1,0.6859854406770662,3.0
car_181921_0,0.8637779107934246,21.125
car_169369_0,1.2573473822717056,19.7
car_166182_0,1.6902950680778275,14.833333333333334
car_167321_0,0.7836015592437586,8.625
car_177783_1,1.5772013481952167,15.0
car_178070_1,0.6594956126500932,3.0
car_169374_2,0.9324355030328073,26.928571428571427
car_167556_0,1.0589395616916661,11.0
car_177781_0,0.4732943497999004,20.333333333333332
car_166995_3,0.5535560318464722,5.0
car_165355_2,1.3547703224874839,19.5
car_169466_0,0.7163676950729609,0.3333333333333333
car_169818_0,0.7321894280866306,8.727272727272727
car_166640_1,1.2985502471198234,27.11111111111111
car_165944_0,0.4775230810372899,14.125
car_169138_1,1.6003526104538268,0.0
car_194896_0,0.5691157280818874,11.666666666666666
car_162623_1,1.237493044981934,10.375
car_192241_0,0.8075441004324044,2.4
car_234_0,1.0915676039247324,20.8
car_168197_2,1.7567709227889694,10.5
car_170904_0,0.747864305639484,9.0
car_362_0,0.9819229979099843,5.833333333333333
car_169846_3,1.0261404840672494,7.285714285714286
car_165386_0,0.9606380038268737,7.833333333333333
car_170965_2,0.48953755533430826,7.0
car_165422_0,1.1901986946968144,35.25
car_170197_2,0.8105836108358082,5.428571428571429
car_164192_1,0.8449754321345342,0.0
car_167570_1,0.5339607877064004,8.666666666666666
car_163617_0,0.9634659087022092,9.166666666666666
car_173211_0,1.7065185413562558,10.777777777777779
car_165101_0,0.7905863965512503,17.375
car_52_1,0.7494576245826268,35.375
car_173213_0,1.070869848433292,12.571428571428571
car_169842_0,0.9999666054193188,7.555555555555555
car_200758_3,0.7648771139550228,4.0
car_189736_5,0.9294076536487148,6.0
car_163611_0,0.5175115887835846,7.666666666666667
car_164453_0,1.3443921565407206,11.5
car_165056_0,0.4642031582202446,8.818181818181818
car_169141_0,0.6446250159808866,7.6
car_166601_0,0.6924005240430965,1.3333333333333333
car_170975_1,0.8949946043227768,11.11111111111111
car_178008_0,0.6977880386724055,10.88888888888889
car_163318_2,0.9062470200820189,19.88888888888889
car_181648_0,1.540490642683513,0.8
car_181927_0,0.9061082931967165,8.285714285714286
car_166983_0,1.1018572744408783,7.0
car_181651_1,1.1459301463851628,20.833333333333332
car_169935_0,0.39236965336918334,11.909090909090908
car_166525_2,1.0581103756153285,34.714285714285715
car_166260_1,0.5813546635205726,12.0
car_167552_0,0.9538960401951483,6.571428571428571
car_170993_1,0.5992595912552086,10.4
car_198342_3,1.0916022056708576,12.333333333333334
car_169809_1,0.6886953831552254,20.88888888888889
car_178327_1,0.7384991289168112,11.857142857142858
car_165364_0,0.5416629444571543,8.375
car_167257_0,1.296457555971951,8.7
car_170201_0,1.1774905032348433,17.125
car_163617_3,0.8533832022764294,4.4
car_170211_0,1.0497904760461676,20.77777777777778
car_193878_0,0.949575861760952,11.3
car_194909_2,1.1267045756644916,32.714285714285715
car_166930_0,0.5643893011553955,11.142857142857142
car_168247_1,0.9991776496347509,8.428571428571429
car_169374_0,1.4561911281193543,2.2857142857142856
car_167896_0,0.7747575606881759,0.0
car_170482_0,1.5483689816974282,10.777777777777779
car_165066_3,1.2711742572691278,0.0
car_167591_0,0.6516597366050907,3.888888888888889
car_164480_3,1.431465785655598,22.833333333333332
car_170999_0,1.2212605405296655,12.88888888888889
car_165861_0,0.898254977280699,6.625
car_194909_3,0.6315654217751709,6.888888888888889
car_169468_0,0.7500933192156906,20.625
car_164027_1,1.6365403213413858,8.0
car_166925_0,1.5117855851041297,35.75
car_165947_0,0.9897173763471487,7.714285714285714
car_181649_3,0.4838829488922512,0.0
car_168198_1,1.220743791701904,10.75
car_167287_0,0.9857298788760832,15.444444444444445
car_170679_0,1.0407762056322265,16.0
car_168245_0,0.4348757361392132,28.0
car_170316_0,1.1535483123618584,0.42857142857142855
car_177771_0,0.896145392813291,11.0
car_166220_0,0.5323758831048389,0.0
car_163647_1,0.6662147800783152,9.833333333333334
car_178014_0,0.5813602236241872,4.142857142857143
car_166613_2,0.6645632792164813,13.333333333333334
car_169135_0,1.4401833317480994,21.2
car_165426_0,0.573149910967496,8.0
car_167310_1,0.91903055742454,23.142857142857142
car_170362_0,0.7804723799154519,2.3333333333333335
car_164033_1,0.83641023806108,3.0
car_164473_0,1.0137002812613407,8.857142857142858
car_167304_0,0.8321116513671463,14.571428571428571
car_170897_0,1.1817482206235852,11.9
car_165945_1,1.1842048779656402,26.428571428571427
car_178007_0,0.9906101315192196,21.666666666666668
car_170684_0,0.6343560283188011,0.2857142857142857
car_169467_0,0.6748316008183286,18.857142857142858
car_170182_1,0.943445762356739,18.5
car_178062_1,0.7554581086319289,21.5
car_163699_0,0.5847320125385816,19.833333333333332
car_181910_0,0.6073958176342655,0.7142857142857143
car_202135_1,1.025265993932887,5.6
car_177774_0,1.7057378617995798,15.142857142857142
car_167017_3,0.8036036215856986,6.666666666666667
car_170365_0,0.4196851457560103,4.625
car_181899_0,1.0708535445378982,20.5
car_166523_0,1.2310136422940434,0.0
car_163340_3,0.8764653635234851,13.88888888888889
car_169958_0,1.2777682339350558,9.0
car_164480_0,0.9767660847394518,0.0
car_166933_2,1.4026653285470725,15.571428571428571
car_170197_3,0.9295949020662034,1.0
car_178044_0,0.2854622510605669,13.5
car_169843_3,1.1442896835974907,31.666666666666668
car_166933_1,0.5696911259860357,6.333333333333333
car_155599_0,0.9894322463525321,9.0
car_169837_1,0.6375637718713523,16.5
car_163645_0,0.7168577830583652,12.0
car_167895_2,0.6894386773532366,8.11111111111111
car_170199_0,0.3874243969158171,14.833333333333334
car_165920_1,0.4724871478192689,4.428571428571429
car_167313_3,0.6730146119143556,9.428571428571429
car_166588_3,1.1130044119307594,9.4
car_166178_0,0.8233729221984838,19.555555555555557
car_166611_1,1.3969294721771632,22.166666666666668
car_166173_0,0.3508544293228952,7.571428571428571
car_167313_1,0.5860468711200129,1.7777777777777777
car_170970_4,0.6127388174257735,16.5
car_170975_0,0.9709938583251082,21.285714285714285
car_166227_0,0.6851249312484978,0.0
car_166238_1,1.229185837852975,16.666666666666668
car_170708_0,1.2693285175511833,13.0
car_170181_0,0.6044309428637272,0.0
car_169850_0,0.698634626319728,2.888888888888889
car_164032_2,0.6891828243016607,0.0
car_169928_0,1.1004236786870745,23.857142857142858
car_181924_0,0.6428393389446801,5.714285714285714
car_171234_1,0.827097696708078,12.666666666666666
car_170905_0,1.0040231448044794,7.285714285714286
car_167016_0,0.6308768051992806,5.0
car_168247_3,1.217236951351398,14.875
car_163561_4,1.272509389625402,13.25
car_165349_2,1.3298823297112046,11.8
car_166245_0,1.2254654681555273,13.11111111111111
car_185397_3,0.9881164905952188,11.0
car_166996_0,0.05088847252215192,3.125
car_189736_0,0.7563600810352391,19.25
car_201354_1,1.5364117869960066,31.285714285714285
car_169144_1,0.6863994648053069,1.3333333333333333
car_169370_0,0.23158488364729082,0.0
car_170561_2,0.9462133412723553,10.222222222222221
car_170347_1,0.3135207889767456,0.0
car_155113_0,1.0982545400902646,13.25
car_202987_0,0.9078033563702843,15.666666666666666
car_170322_1,1.1676908860722697,16.5
car_163997_0,0.36630695309024075,20.666666666666668
car_163312_0,0.8033866334896675,8.5
car_170699_0,0.4766524844616343,6.333333333333333
car_165863_0,0.6064423227639482,10.2
car_169139_0,1.508061218541084,11.75
car_166933_0,1.2014343243826462,15.142857142857142
car_178303_0,1.1387671110553714,12.833333333333334
car_177783_0,1.0145429338579632,11.857142857142858
car_165366_0,0.44050067487504135,16.666666666666668
car_166622_0,1.2295818215088428,9.142857142857142
car_165389_0,1.0702099777998484,17.833333333333332
car_170297_3,0.8548692607570306,2.7142857142857144
car_360_1,1.2328849681472427,14.0
car_165402_0,0.5800216282875452,1.0
car_166564_0,0.8671434465171327,11.0
car_166573_4,1.8786706762515577,16.666666666666668
car_169822_0,0.7843983410561782,9.571428571428571
car_181903_3,1.1002034800212765,21.857142857142858
car_166179_0,0.8263141016636122,13.88888888888889
car_170476_3,1.3145292270521043,20.666666666666668
car_170188_0,0.8796246886490204,21.77777777777778
car_162621_0,1.4134348287322294,0.0
car_170979_0,0.5741320294376092,9.0
car_165930_0,1.077730733695134,6.888888888888889
car_171277_0,1.198760761729116,9.285714285714286
car_181900_0,0.9309571115836363,20.142857142857142
car_168192_0,0.9768772106922816,11.75
car_167306_1,1.6417991230724696,22.833333333333332
car_165934_0,0.9990013121553695,0.0
car_166231_0,0.6301802615340147,6.5
car_169844_3,1.1195826570926146,7.428571428571429
car_164032_1,0.6092755601288541,14.571428571428571
car_165107_0,0.7129158222644975,24.90909090909091
car_177787_1,0.7767632451491332,18.714285714285715
car_164027_0,0.8065235461957817,8.833333333333334
car_166219_3,0.5970328631469659,10.0
car_236_0,1.1730814272192087,6.888888888888889
car_181900_1,1.0545326993201636,8.909090909090908
car_170554_3,1.3027664348784203,22.833333333333332
car_166615_0,1.2962444243162121,8.571428571428571
car_166649_0,0.883150837653792,13.714285714285714
car_53_0,1.4018561964965315,22.0
car_178033_0,0.7730353995793137,6.6
car_170904_1,0.48771436508522337,23.333333333333332
car_170907_0,0.7687254147513389,5.833333333333333
car_170885_2,0.48763025480182615,12.5
car_166594_1,1.2129362302216868,12.0
car_163352_1,1.1321498234955574,15.0
car_155103_0,1.0836719642052122,16.285714285714285
car_170675_0,0.48236588999759533,13.285714285714286
car_168197_1,0.8127663215777918,18.142857142857142
car_163701_0,0.7934176374754633,14.2
car_177785_0,1.6652826421340519,14.571428571428571
car_169806_2,1.2159882803278357,8.571428571428571
car_178302_1,0.7884275463381344,0.0
car_164034_0,1.014402749551827,34.0
car_202893_1,0.9475921652652604,1.4
car_164477_0,1.286766798256365,24.444444444444443
car_155107_0,0.7075873185920702,6.285714285714286
car_165382_0,0.5934059205394089,10.5
car_167297_0,0.806958884483726,3.4285714285714284
car_165427_0,0.9434644583516669,8.333333333333334
car_169371_1,0.8625236662601162,0.16666666666666666
car_164011_0,1.1080489327056224,26.555555555555557
car_170200_2,1.3012525451341672,14.75
car_163666_2,1.2726898298204352,15.666666666666666
car_165433_1,0.7347800159618534,6.333333333333333
car_166987_1,0.8041444199605773,18.0
car_169929_0,0.6624682064935682,14.333333333333334
car_164016_3,0.7937720578632312,3.7142857142857144
car_170301_0,1.579979835446793,20.857142857142858
car_191945_0,0.4630150497036633,0.0
car_181912_1,1.5246538571329071,13.5
car_166183_0,1.155419244257909,11.75
car_170692_0,1.3122019779405991,26.571428571428573
car_170325_0,0.8987087706740728,10.125
car_171018_0,0.9252000218556579,18.0
car_166959_0,1.0226322739181393,27.333333333333332
car_168219_1,0.9979536136946865,2.25
car_169832_0,1.3480531259809478,13.333333333333334
car_362_1,1.4333152924618842,21.6
car_165349_1,1.123225831324209,3.375
car_69_0,1.1888784841279423,5.6
car_167902_0,1.180775550944564,3.5
car_170197_0,0.4566584112897706,0.0
car_167885_0,1.4354676149604988,16.375
car_170699_1,0.906129266824966,11.857142857142858
car_170560_0,1.8037599705172558,20.5
car_193523_2,1.5745810057416776,0.0
car_167891_0,0.8409855711006703,18.166666666666668
car_193890_1,0.9296433767598802,24.333333333333332
car_181903_1,0.8332228294680685,15.833333333333334
car_155366_0,0.6157834905494923,13.0
car_166188_0,0.6810043132615267,30.833333333333332
car_165094_3,0.5548094143613208,14.4
car_171225_0,0.6224521862867226,2.3333333333333335
car_166567_0,1.3131543479923122,21.666666666666668
car_166274_0,0.866041560256287,21.75
car_64_1,1.142346865539648,8.571428571428571
car_170691_0,1.005776889060917,16.333333333333332
car_167020_0,0.2356564432900503,0.0
car_181909_0,1.2190605206597023,3.4
car_166598_0,1.0622171679005257,16.0
car_181914_2,1.2834696258881908,15.714285714285714
car_171008_0,1.233106040183023,11.6
car_163696_0,0.8875792910724758,12.125
car_166525_3,0.9192861562695045,16.666666666666668
car_189735_2,0.7971787123195917,4.285714285714286
car_169837_3,0.6438591876227042,8.666666666666666
car_170333_1,1.0733012923413956,20.0
car_166623_0,0.48860616916760424,20.6
car_181655_0,1.2993275897345078,2.857142857142857
car_169928_1,0.678564912984245,17.6
car_170694_1,1.0708485491218012,30.22222222222222
car_177786_0,0.9834139580327973,0.0
car_163610_0,1.0724157536144723,23.428571428571427
car_165355_1,1.4735297926331663,17.5
car_166276_0,1.1063324355755644,4.428571428571429
car_169850_1,0.47038916925330165,4.0
car_167594_0,1.1871686077815413,18.0
car_166651_2,1.0105974759754472,7.666666666666667
car_165927_1,0.7811436530367535,12.285714285714286
car_164185_2,0.41159878984170967,2.0
car_170560_1,1.3503356915354638,13.833333333333334
car_163653_0,1.4245357381019725,14.571428571428571
car_165933_1,0.4199054536474183,31.0
car_172943_0,0.7222183803297823,5.428571428571429
car_164195_0,0.8686580070274993,11.285714285714286
car_189734_1,0.7872934922637917,25.5
car_167589_0,1.479286989807888,20.2
car_166980_0,0.6726874819429138,7.666666666666667
car_168198_2,1.0829065739796755,23.5
car_165066_2,1.130496787179957,5.142857142857143
car_170363_0,1.1094599500082611,23.714285714285715
car_167020_1,1.1968148854402938,0.0
car_165365_0,1.3348727016620285,10.777777777777779
car_170184_0,0.7189755802366047,27.6
car_166966_0,1.145571542950623,3.142857142857143
car_163655_1,1.5610686517702408,12.4
car_170563_0,1.529244243257483,15.6
car_167320_1,1.4263678408669662,7.142857142857143
car_166989_0,0.9516611118811049,33.0
car_167305_1,0.755877975560297,4.333333333333333
car_165934_1,0.9408209486285865,17.142857142857142
car_181644_0,1.4585645931791011,20.0
car_170193_0,1.075873701692038,16.22222222222222
car_167572_0,0.6596205503956167,13.375
car_194088_1,0.9047366262233254,11.285714285714286
car_163318_1,1.1227501952895456,8.833333333333334
car_169959_2,1.457676452769631,22.5
car_166584_0,0.9658236155657497,0.0
car_170323_0,1.342305516257738,1.8888888888888888
car_165393_2,1.4103018058432208,26.166666666666668
car_169837_2,0.8757828144573921,21.75
car_198342_0,1.0729258847494167,0.0
car_169399_0,1.061500029131573,33.0
car_201132_0,1.395459191523674,18.714285714285715
car_165930_1,1.1963534122886192,10.0
car_170684_1,1.3050081541847818,8.0
car_165411_0,0.6256521437196875,0.0
car_169365_1,1.0817887217883793,15.2
car_164013_0,1.116703122376849,16.375
car_170900_0,0.8317853680738647,2.4285714285714284
car_162623_0,1.3666625515109312,36.4
car_169838_0,0.4644183301958913,15.857142857142858
car_193152_1,1.160778032821792,5.5
car_177784_0,1.1719107019372201,9.166666666666666
car_163658_0,1.5437648696271626,8.125
car_168193_1,0.698992328413753,0.0
car_168213_0,1.3252141724120408,20.0
car_163987_0,0.49324474083245057,25.714285714285715
car_165414_1,0.7049072646703668,19.857142857142858
car_164476_0,1.3182819875043061,27.833333333333332
car_192167_0,0.7925029208901719,3.3333333333333335
car_166525_0,0.5672608873660743,6.75
car_193123_0,0.8788309335163241,4.2
car_165922_0,0.4362259664002141,13.875
car_358_0,0.9986025260599302,22.9
car_167594_1,1.3120528283735253,21.625
car_163341_0,1.4153715492760204,14.0
car_166594_0,0.7576544579550585,0.3333333333333333
car_169378_0,1.3329192154619476,16.666666666666668
car_166224_1,1.2703145756149055,21.875
car_198342_1,1.478585956210556,32.666666666666664
car_167317_0,1.491225717677203,28.333333333333332
car_170205_0,0.8899169402367537,18.6
car_165394_1,1.627451953339115,15.0
car_170655_3,1.2254905380036345,3.8
car_171010_0,1.1925961324845293,6.833333333333333
car_181916_2,0.738727145374358,17.0
car_202987_1,0.6940276569227702,15.0
car_164003_0,0.6699315758663017,10.0
car_167315_1,1.746819057160383,7.2
car_169934_2,1.0017426374469616,12.75
car_195665_0,0.8241509988100617,10.333333333333334
car_185397_2,0.31671333889367853,24.833333333333332
car_164032_4,1.3723303146812569,26.0
car_167296_0,0.6171410161825241,9.4
car_170682_2,0.5848805283407175,20.0
car_167330_0,1.3435892594895007,0.0
car_169812_1,0.5797595574204308,6.0
car_164461_1,0.9837604387239208,19.0
car_189735_1,0.44940168689506726,15.285714285714286
car_177788_4,0.9747397587780675,21.166666666666668
car_171230_0,1.1800833233598655,15.75
car_169372_0,0.6314899020182693,2.6666666666666665
car_169943_0,1.6951410755056406,21.166666666666668
car_163349_0,0.5800989929061325,11.875
car_168218_1,0.8856844102415621,22.428571428571427
car_200758_0,1.1130195066657975,7.142857142857143
car_163343_1,0.6626177615680565,10.125
car_247_0,0.4874906804125034,5.625
car_166641_0,1.6839479449122199,15.142857142857142
car_169932_0,1.0222133210113713,25.0
car_170965_0,1.3831297855018185,5.75
car_166277_3,0.4225034906783927,6.5
car_177768_0,0.7473070903849522,10.0
car_163986_0,1.81611280691763,40.0
car_169133_0,0.9309796123742067,0.5
car_163666_0,1.0829721020908853,12.142857142857142
car_167887_2,1.5158932938576197,2.857142857142857
car_169823_1,0.386991151018943,4.5
car_62_0,1.1856196688341676,16.8
car_169932_1,1.2196563884114198,19.5
car_170551_0,1.1179221945646636,10.428571428571429
car_170885_0,1.1873753956203588,15.333333333333334
car_165392_3,0.6911027184822548,13.142857142857142
car_164030_1,1.8152697744037969,26.833333333333332
car_166991_1,1.0314154545766814,6.75
car_178576_0,1.0150299169665198,6.8
car_170697_0,0.9925563528184568,42.666666666666664
car_192173_0,0.9539010584935367,6.5
car_166648_1,0.7168271226885633,10.666666666666666
car_169844_0,0.9176959060958149,7.0
car_178583_1,0.5391353248768748,7.1
car_165386_3,0.5810098130833725,11.25
car_72_0,0.9580719288396763,10.833333333333334
car_166970_5,0.7773008989258146,1.3333333333333333
car_166588_1,0.9307226525611577,5.666666666666667
car_170901_0,1.088876490179981,24.0
car_167559_0,0.9491433661650979,6.857142857142857
car_170659_1,1.0042896297076163,3.0
car_165094_1,1.9260154571728871,28.571428571428573
car_189736_2,1.7082980329008484,33.5
car_169365_0,1.1377206549659555,25.5
car_167315_0,1.050672397445093,46.0
car_168197_3,1.6680740006557846,0.0
car_166564_1,0.4608988308379427,16.166666666666668
car_169365_3,0.7607660382449418,11.714285714285714
car_180975_1,0.7325207015744422,4.0
car_164015_0,1.2385280074722478,10.6
car_166192_0,0.9510974350204607,0.0
car_170536_1,1.8437777853250605,38.2
car_166926_1,1.4086048529941704,18.428571428571427
car_170554_0,0.3720855248468881,3.142857142857143
car_164007_0,0.9911577638462035,11.444444444444445
car_164016_4,0.8327352221409757,3.0
car_192625_2,0.7542182191628771,0.0
car_170692_1,1.361301071860004,19.4
car_166524_0,1.0612033064186839,5.6
car_170544_2,1.7279449231089334,11.285714285714286
car_168212_0,1.18359499961927,8.571428571428571
car_165924_0,0.8751230052794866,11.5
car_165394_0,0.5787879092963342,22.285714285714285
car_170895_0,0.574800072479934,7.4
car_165057_0,0.5605205169220736,22.714285714285715
car_165409_0,0.9079497259449976,13.4
car_169822_2,0.6972962057602672,0.0
car_166264_1,0.734239973302394,0.0
car_170987_1,1.8940982090063632,19.2
car_166651_1,1.038690475076542,22.571428571428573
car_165920_0,0.3912171357314264,0.16666666666666666
car_166212_1,0.8470886114585928,11.0
car_155094_0,1.2647325054873293,20.5
car_167305_0,1.90095603016406,36.57142857142857
car_163664_1,0.5793353818363061,14.846153846153847
car_164026_0,1.139737810851672,19.333333333333332
car_178002_0,1.0640119214492179,19.166666666666668
car_164450_0,0.6382036486615245,0.0
car_167270_3,0.7538243307986487,10.0
car_170193_3,0.9245754783737169,28.5
car_170296_4,0.7789835217337631,7.666666666666667
car_166238_0,1.4601370207205318,25.428571428571427
car_166304_0,0.8692482241528889,10.5
car_169380_0,0.923826152424678,14.25
car_169495_1,0.9542481142273739,5.25
car_169841_1,1.225153403828604,3.6666666666666665
car_202610_0,1.1740705887715952,35.666666666666664
car_169473_0,0.6756414242086498,9.5
car_164008_0,0.9663959020706355,9.5
car_170885_3,1.8154901716263991,35.55555555555556
car_166980_1,0.6106589596145512,0.0
car_166611_2,1.5491538911540217,26.142857142857142
car_164480_2,0.7986291318550317,11.166666666666666
car_166918_3,1.3014854294531577,14.0
car_165435_1,1.4130835907979442,25.833333333333332
car_170965_4,0.6055734364746496,10.0
car_170345_1,0.9141302317636152,24.77777777777778
car_166186_0,0.788414267399985,10.714285714285714
car_170540_0,0.9886277684360548,21.714285714285715
car_195287_0,0.9286121813060703,3.3333333333333335
car_178334_0,1.4989512132443745,15.2
car_165341_0,1.3458811920395204,21.428571428571427
car_167609_0,1.6722100379464924,34.6
car_166972_0,0.7259347462787845,6.142857142857143
car_170345_2,1.1553416020023783,7.857142857142857
car_164004_2,1.2662265623728224,16.0
car_167297_1,0.7264890139881819,15.6
car_181903_0,1.1467373792371789,25.5
car_170561_1,0.5439987034551886,7.5
car_170563_2,1.0171023885139925,16.625
car_163347_1,0.9768245975111316,16.428571428571427
car_61_1,1.8833592779454884,0.0
car_165394_2,0.569732635464341,13.0
car_163657_0,1.5890768969566487,39.8
car_167569_0,0.5650607392837174,17.0
car_170885_5,1.7604715799421207,23.6
car_170362_1,0.9991190009232307,0.0
car_163981_1,0.7484440209796488,16.333333333333332
car_170980_1,0.8596251657245965,25.714285714285715
car_166281_0,1.2439188500221217,18.833333333333332
car_165066_1,0.9070916318532465,14.857142857142858
car_181647_3,1.7456612152484874,13.833333333333334
car_167590_0,0.3722137822327972,7.285714285714286
car_165611_0,1.0493966982899148,0.0
car_165108_0,1.0292194268716428,1.8
car_164185_1,1.8631541265181144,50.4
car_166308_1,0.9237057014043594,34.285714285714285
car_165363_1,0.8527744420008835,5.333333333333333
car_164184_0,1.1689107056821735,42.166666666666664
car_166590_0,1.2446248570291933,30.833333333333332
car_167287_2,1.0187654774436694,18.8
car_164457_0,0.7730433410598874,13.333333333333334
car_164773_0,0.6393612704278276,4.833333333333333
car_167581_2,1.3713596839178528,18.166666666666668
car_167587_0,1.4294259943299394,15.0
car_166566_2,1.0153799125160574,16.833333333333332
car_170200_0,1.854119661047256,18.833333333333332
car_164784_0,1.8778771638843759,32.333333333333336
car_169806_3,0.5902401738884858,12.0
car_169808_0,1.0148212377505643,17.666666666666668
car_164453_1,0.8638241851771082,9.571428571428571
car_165923_0,0.8850224983463296,0.0
car_177787_0,1.0608780441409278,14.142857142857142
car_170311_0,1.0363375624382651,10.4
car_170698_1,1.4625582410792195,15.8
car_169365_2,0.9513734084629882,3.6666666666666665
car_170659_0,1.329259487951609,4.833333333333333
car_170977_0,1.0486505351531108,23.6
car_163320_0,1.4511757304438513,1.6666666666666667
car_164011_1,0.8334498557347243,8.0
car_165430_1,0.8362005813688352,9.166666666666666
car_170364_1,0.9021238992187358,4.0
car_170191_0,1.831306157602682,21.0
car_195066_0,1.404342911931984,10.333333333333334
car_178059_0,1.2925654224281296,30.5
car_170701_1,1.5519266314396165,19.4
car_178070_0,1.4373424099949332,9.571428571428571
car_163979_0,0.5875477238928538,0.0
car_165401_0,1.43825750555281,20.428571428571427
car_362_2,0.6564595243270376,8.428571428571429
car_166589_0,1.7572246581027424,20.8
car_164448_0,0.943866347407728,19.6
car_170967_0,1.1710977820501112,23.0
car_155110_0,1.201328009085488,11.166666666666666
car_165353_0,0.700626496270078,36.2
car_178057_1,1.4119210686917323,52.6
car_166640_2,1.9528065169079745,21.2
car_163672_1,0.9075875175634248,10.5
car_181903_4,0.855539684670662,4.714285714285714
car_165339_0,1.4996095765122623,46.0
car_165107_3,0.7238877563581352,6.833333333333333
car_166269_1,0.9809791055302259,1.5714285714285714
car_166307_1,1.4645993061320632,32.714285714285715
car_170203_0,1.4693978405949915,23.5
car_169134_0,0.9779981162087011,5.6
car_169397_1,1.0024178043386027,15.2
car_164001_0,0.6237256568608419,3.6666666666666665
car_163654_0,0.8173357827032854,5.857142857142857
car_178015_0,1.389240205499962,40.44444444444444
car_165354_0,1.0947866256343288,38.285714285714285
car_166992_0,1.2966842209244025,5.4
car_169934_3,0.7577299660440507,4.333333333333333
car_170200_1,0.9771988616664206,11.333333333333334
car_178580_0,1.0537548122253366,5.333333333333333
car_167014_0,0.4720233400973444,2.0
car_167319_0,1.0885065123131588,16.0
car_170646_1,1.4017077143940713,22.2
car_165940_1,0.932989895900607,20.5
car_166525_1,0.7997261317631478,5.714285714285714
car_166307_0,0.8460791464506321,10.0
car_169835_0,1.1176923981578142,25.142857142857142
car_164192_0,0.7276811682170176,6.166666666666667
car_167572_2,1.119673784269217,26.0
car_202311_0,0.935630562896473,24.2
car_170980_2,0.7860860842720371,17.833333333333332
car_169940_0,0.9564564680408726,5.333333333333333
car_185397_1,1.2257697767009343,21.333333333333332
car_163695_1,1.1796021341767131,21.166666666666668
car_167317_2,0.6221007800798392,8.833333333333334
car_167303_1,1.2891123536070024,25.0
car_192238_1,0.9330296041769454,9.333333333333334
car_177786_1,0.7469660726809129,13.666666666666666
car_181916_3,0.720586814529479,17.166666666666668
car_170981_0,0.42638105659612835,0.0
car_164786_0,1.194771313190598,15.142857142857142
car_177791_0,0.7717691878531069,9.571428571428571
car_193797_2,2.6987117103851626,48.25
car_169134_2,1.0218411368979838,33.0
car_169840_0,0.7656284512216617,22.6
car_164027_2,0.6305065980622254,10.666666666666666
car_202893_2,0.8665369480880503,15.166666666666666
car_170550_0,0.8238488338931947,2.8333333333333335
car_166229_0,1.323617131726738,18.6
car_166268_0,0.9177109787838043,9.166666666666666
car_169928_2,0.9384900996798713,12.2
car_163351_0,1.0816078946129941,38.666666666666664
car_168220_1,1.0943739566012753,36.625
car_166277_2,1.2217651671441812,27.75
car_170702_1,1.0618898805318728,33.44444444444444
car_166269_0,1.3419086905520918,17.714285714285715
car_163660_0,0.7799381594011612,19.5
car_170653_0,2.5514534832620392,52.6
car_181652_1,1.42568630170001,16.857142857142858
car_164191_0,0.2902041594902905,0.0
car_189737_0,0.7021235907663971,9.5
car_167002_2,0.9322805475544862,16.0
car_177792_0,1.0634212752650332,18.0
car_168198_0,1.0404511996851753,16.8
car_170364_2,1.1605280936815447,9.0
car_165924_1,1.3019224785922763,27.285714285714285
car_166614_0,1.0833627230847958,8.333333333333334
car_167274_0,0.8942963393090029,8.666666666666666
car_166227_1,0.77511762231451,28.166666666666668
car_194912_0,1.2343367837168087,16.6
car_170900_1,0.5017533377054171,46.4
car_169391_0,2.1538804301259824,13.0
car_170193_2,0.7800070278641078,17.666666666666668
car_169819_1,1.290000059302756,6.666666666666667
car_193624_1,1.6608785666134422,19.2
car_170344_0,2.0013432405221017,29.5
car_168216_0,0.4201318885859718,0.0
car_167564_3,1.4775412796418599,11.8
car_166613_0,0.48328462275297585,22.333333333333332
car_167595_0,0.9807345657672224,18.166666666666668
car_166233_0,0.6755497788083775,38.166666666666664
car_167323_0,1.7054136336759498,17.0
car_167303_0,0.7148509139577208,20.6
car_155096_0,1.3749170245910396,11.142857142857142
car_167287_1,0.6591245521666035,0.0
car_166267_0,1.11185873012688,26.571428571428573
car_167282_1,0.5891644850518999,22.6
car_163700_0,0.9930908587351593,12.857142857142858
car_194088_0,0.4514754534983023,0.0
car_169809_2,1.6668725384236667,11.8
car_169495_0,0.9785745363330643,5.666666666666667
car_166979_0,1.1505518083306978,12.4
car_166918_5,0.8234048496817455,0.16666666666666666
car_166918_4,0.8970128962757552,6.142857142857143
car_181657_1,0.4237339759425249,5.5
car_170885_6,0.9540715873425211,19.333333333333332
car_181909_1,0.9201680558088466,24.5
car_167324_0,1.639021602123353,36.285714285714285
car_165921_0,1.787751707909365,31.4
car_169383_0,0.9831650111865146,8.0
car_166998_0,1.0946498303400751,16.166666666666668
car_173217_0,0.42258907143401975,6.5
car_163309_0,1.1061210650222062,17.5
car_163672_0,1.435561413543486,2.6
car_166177_0,1.1779697980036137,18.428571428571427
car_163645_2,2.263632442736582,23.6
car_177766_0,0.8158449996047806,8.5
car_169934_4,1.918802876407892,40.0
car_163989_1,0.9179742949733808,9.333333333333334
car_167566_0,1.8701782439804888,24.6
car_163989_0,0.7139605128023117,34.2
car_194896_1,1.6650610301261006,24.5
car_165435_0,0.8586162235967693,38.0
car_180979_0,1.123374306332566,6.0
car_177776_0,2.05978999689909,24.333333333333332
car_170655_0,1.4097846952487714,7.714285714285714
car_169386_0,0.9737184749261103,10.166666666666666
car_169819_2,1.253540126053178,15.166666666666666
car_166609_0,0.7772280388637148,8.666666666666666
car_171010_2,1.521310647239406,30.0
car_166573_2,0.598968646486659,15.714285714285714
car_201611_0,0.5199254018152366,7.0
car_167295_0,1.4808142919217868,9.0
car_171228_0,1.1307618078463846,3.0
car_170699_2,0.759224969470396,17.857142857142858
car_170307_1,1.8005397471115485,32.666666666666664
car_170988_0,1.267836681108719,7.0
car_169837_0,0.9007104001944335,0.0
car_201133_0,0.8410353386137628,15.4
car_163561_2,1.1899562548689508,21.166666666666668
car_178302_0,1.2315244237993423,21.0
car_155116_0,0.3240003484450923,0.0
car_163613_0,0.9070890585785367,9.333333333333334
car_166175_1,1.09409105754041,1.4
car_178583_2,0.6321435469641445,29.142857142857142
car_165353_1,0.9583719927743296,28.2
car_163695_4,1.220137990316962,0.0
car_169366_2,1.0213656487477358,22.0
car_164772_0,1.3045781557951883,24.166666666666668
car_166256_0,1.0978358915064137,4.166666666666667
car_177767_0,0.8950383000017023,48.5
car_170182_0,1.203283508420964,19.6
car_169852_0,0.9735594908276536,42.6
car_163665_0,1.3670765082358345,12.833333333333334
car_164450_1,0.8186926620898466,17.0
car_167321_1,1.0215356635137958,11.666666666666666
car_155598_0,1.2323691795385336,5.333333333333333
car_166594_2,1.0651134693275093,6.0
car_169371_2,1.1466342687773965,27.333333333333332
car_166235_0,0.28234818865596856,7.6
car_166228_0,1.0410951707594347,23.0
car_169931_0,1.7422224945743616,22.166666666666668
car_163610_1,1.3463331837663675,15.2
car_181926_0,1.1837269193056916,16.428571428571427
car_166216_0,1.714929524220156,22.0
car_192168_0,0.9450486152796442,25.2
car_169845_0,1.0017916810855103,15.5
car_170560_2,0.9393679121172983,5.8
car_169961_0,0.6996683315042695,8.2
car_170538_0,0.764719993955154,15.571428571428571
car_164469_1,0.7098344312264876,16.4
car_164016_2,0.861396256725835,9.666666666666666
car_166583_0,0.9782513142006548,31.0
car_181647_5,1.307662106549591,2.4
car_170646_5,1.4452261201827488,3.8333333333333335
car_166211_1,1.4945949347028877,35.166666666666664
car_170974_3,1.0617275116860663,10.2
car_163664_0,1.078860669091772,1.0
car_165367_0,1.0924293398577727,41.4
car_169832_1,1.6029843771528576,19.875
car_202135_0,0.9526752186299113,0.0
car_166962_1,1.2494633697135489,37.6
car_172939_0,1.5743630034576424,30.2
car_170313_0,2.106596433045249,47.0
car_167282_0,1.8573160813605187,23.6
car_200758_2,0.7552015839160734,7.833333333333333
car_166573_3,0.7341753858155599,5.666666666666667
car_167556_2,2.3602875933065763,29.4
car_166257_0,1.914566423275919,54.166666666666664
car_170893_0,1.737464775880617,36.8
car_166587_0,1.666075346719148,27.6
car_358_1,1.1538062450746103,25.0
car_181646_1,0.9715912755947439,24.0
car_167309_0,0.9361323491917787,5.5
car_170557_0,1.2939236929217823,8.4
car_162624_2,2.203503102198202,16.8
car_168244_0,0.6333016601485999,28.2
car_171222_0,0.5142605064704958,0.0
car_180981_1,1.3012363713087225,6.0
car_166256_1,1.063768517530002,21.4
car_181913_0,0.45005225737491483,0.0
car_166262_0,1.7243725059304984,33.42857142857143
car_164004_1,0.7180344077336815,23.0
car_166224_2,0.4640430021081805,17.333333333333332
car_170327_0,0.6111101516997632,14.4
car_166985_0,0.8731124658702233,12.666666666666666
car_200699_0,0.6703269350004005,9.0
car_167580_2,1.6431455962039134,23.5
car_167333_0,1.7199288259664887,44.833333333333336
car_200156_1,0.5290065844990598,9.428571428571429
car_189733_0,0.8517599327865998,19.0
car_170193_1,1.175802517427426,18.5
car_163300_0,1.590113873616189,18.8
car_178072_0,1.59852573510935,14.8
car_164460_4,1.4386898767975167,25.714285714285715
car_181651_2,0.7492077822695506,16.0
car_165410_1,1.4985216709527627,13.333333333333334
car_163307_0,1.7562995549639204,5.333333333333333
car_155106_0,1.1825258870642947,18.8
car_166213_0,1.2868113252001177,23.6
car_169374_1,1.56605564417678,45.5
car_170301_1,1.1428686911993862,17.333333333333332
car_189735_0,0.9550822374179669,14.333333333333334
car_170351_0,2.0487157603296495,23.2
car_169844_1,1.8759829299400446,19.0
car_181903_2,0.7207940119181022,30.0
car_181651_0,1.159728117615861,5.2
car_166971_0,0.7920594266829677,4.2
car_170537_0,1.325984713363589,11.8
car_167002_3,1.754643210477097,30.5
car_167010_1,0.6358854358550783,4.8
car_167292_0,1.0516621894723184,8.333333333333334
car_166314_0,0.8752951501015099,25.4
car_166178_1,1.3475209414192129,26.8
car_164002_0,1.1465740371214506,32.6
car_181647_1,1.1275111168171015,44.333333333333336
car_165921_1,0.9978767591355188,20.714285714285715
car_166993_1,0.6858480540428114,0.0
car_181897_0,1.3365524862700198,6.6
car_162624_0,0.7930654304297785,14.5
car_164000_1,1.181500350911115,8.8
car_166977_0,1.6045422716536717,21.4
car_163617_1,1.3307864723107614,14.6
car_164755_0,0.622761735364568,29.166666666666668
car_189733_3,1.7167527581607243,25.666666666666668
car_164461_3,1.6073653921791906,26.285714285714285
car_167005_0,1.0407575356475707,33.2
car_167019_0,1.1383055228581094,58.25
car_165406_1,1.2190091435054373,16.4
car_181908_2,1.3227428879672343,13.4
car_181925_0,1.1214785806826815,9.166666666666666
car_164754_0,1.136634499699312,29.6
car_165059_0,1.3659333272251748,14.4
car_181643_0,1.13441527796021,63.0
car_155368_0,1.9584432481100509,23.833333333333332
car_165094_2,1.2365343792445627,20.5
car_164451_0,1.658256398655058,32.0
car_166260_0,1.7885913367302793,52.333333333333336
car_163349_1,0.495541457788096,15.8
car_165414_0,0.8045085182901245,3.6
car_165929_0,1.1994280072580854,7.2
car_170333_2,1.7058903176730342,29.8
car_166648_2,0.3728480814469467,10.75
car_163344_1,1.1654690044910543,36.0
car_170537_1,1.1539039803675357,27.0
car_170703_1,0.6267231110132678,6.833333333333333
car_169471_0,0.887298213158935,3.4
car_170197_1,1.101480401398318,5.666666666666667
car_170316_1,0.9771068678936813,0.8333333333333334
car_170974_1,0.7341880827941802,5.0
car_202120_0,1.409946768554339,17.8
car_163351_2,1.7223047362176978,34.166666666666664
car_164461_2,1.4619634119392058,51.0
car_163984_0,1.2656814678121686,17.0
car_63_0,1.0505433739809789,0.0
car_169934_1,1.2330038130054848,40.6
car_170322_3,1.4468667493037857,15.6
car_180981_0,1.9637927643385737,39.166666666666664
car_166174_0,1.7439674527543063,30.0
car_164446_1,0.813783361721853,21.6
car_170544_0,1.5661402460833453,22.333333333333332
car_167010_0,0.6047600668506475,21.4
car_165392_0,1.4886697105220281,13.0
car_181647_4,1.188703958086214,17.0
car_167310_2,1.4731011444688737,29.666666666666668
car_165394_4,1.2293981641601004,13.0
car_201055_0,1.520059161415749,30.5
car_164479_0,0.6802317688524964,6.0
car_164458_0,1.2426636806062605,45.2
car_169846_4,1.2734652641174768,51.333333333333336
car_170366_0,1.1863524365163953,0.0
car_170683_1,1.3509317869219917,40.166666666666664
car_170208_0,1.9108798610579094,5.6
car_167564_1,1.5892036279090151,39.8
car_165405_0,0.9929201387426796,60.2
car_171234_0,1.2400148077338684,20.0
car_163345_1,0.564052856709524,22.25
car_169959_0,1.8679809693014038,32.666666666666664
car_169370_3,0.8688610017743407,85.33333333333333
car_163666_1,0.7505123838478238,0.0
car_164012_0,1.5183738833347538,27.0
car_170347_0,1.062772715079568,16.8
car_164032_3,1.0047876706736065,9.4
car_169811_2,1.3445155916728841,45.666666666666664
car_169375_0,1.2734117773133684,30.833333333333332
car_168246_1,0.7924269674161997,23.0
car_164783_0,0.9910542065146114,12.4
car_189734_2,1.7723512930852694,33.166666666666664
car_164008_1,1.3869977606598842,38.0
car_181914_1,0.5041928006140711,8.4
car_193276_2,1.189947783241634,6.6
car_170645_0,1.4908232835152322,53.8
car_170298_0,1.116313035200396,53.833333333333336
car_166959_1,1.2075057388659798,29.4
car_167556_1,1.186127570344079,39.6
car_169377_0,0.6195103527615912,24.2
car_170335_0,0.8387144492337321,20.6
car_167579_0,2.308150037456856,76.25
car_169842_1,0.8705561066277916,7.4
car_166219_2,1.0325599468811166,11.4
car_169138_0,1.3477985895706117,42.333333333333336
car_165066_0,0.46921074182994776,20.166666666666668
car_55_0,0.19983977426040442,0.0
car_164446_0,0.5135909099001437,31.2
car_170890_0,1.1201855991329133,90.2
car_193500_0,2.2142008591591855,45.666666666666664
car_195227_0,0.8860351805582183,44.75
car_194979_0,0.5751200276717485,11.0
car_166581_0,1.3064201482169253,37.8
car_166218_1,2.576365909147625,43.833333333333336
car_167564_2,1.0431073803536175,31.8
car_166966_1,1.5897548610665253,56.4
car_169843_2,1.2798565419967134,61.8
total,7.565530930106735,98.89087856743144
